,feature_idx,cv_scores,avg_score,feature_names,ci_bound,std_dev,std_err
70,"(0, 1, 2, 3, 4, 5, 6, 7, 8, 9, 10, 11, 12, 13, 14, 15, 16, 17, 18, 19, 20, 21, 22, 23, 24, 25, 26, 27, 28, 29, 30, 31, 32, 33, 34, 35, 36, 37, 38, 39, 40, 41, 42, 43, 44, 45, 46, 47, 48, 49, 50, 51, 52, 53, 54, 55, 56, 57, 58, 59, 60, 61, 62, 63, 64, 65, 66, 67, 68, 69)",[0.74017897 0.72744453 0.72546477 0.73455189],0.7319100396468169,"('monthly_charges', 'total_charges', 'senior_citizen', 'num__spl__monthly_charges_sp_0', 'num__spl__monthly_charges_sp_1', 'num__spl__monthly_charges_sp_2', 'num__spl__monthly_charges_sp_3', 'num__spl__monthly_charges_sp_4', 'num__spl__monthly_charges_sp_5', 'num__spl__total_charges_sp_0', 'num__spl__total_charges_sp_1', 'num__spl__total_charges_sp_2', 'num__spl__total_charges_sp_3', 'num__spl__total_charges_sp_4', 'num__spl__total_charges_sp_5', 'num__q__monthly_charges', 'num__q__total_charges', 'num__rb__monthly_charges', 'num__rb__total_charges', 'num__pol__1', 'num__pol__monthly_charges', 'num__pol__total_charges', 'num__pol__monthly_charges^2', 'num__pol__monthly_charges total_charges', 'num__pol__total_charges^2', 'num__pol__monthly_charges^3', 'num__pol__monthly_charges^2 total_charges', 'num__pol__monthly_charges total_charges^2', 'num__pol__total_charges^3', 'num__kbd__monthly_charges', 'num__kbd__total_charges', 'cat__type_One year', 'cat__type_Two year', 'cat__payment_method_Credit card (automatic)', 'cat__payment_method_Electronic check', 'cat__payment_method_Mailed check', 'cat__internet_service_Fiber optic', 'cat__internet_service_None', 'cat__gender_Male', 'type_Month-to-month', 'type_One year', 'type_Two year', 'paperless_billing_No', 'paperless_billing_Yes', 'payment_method_Bank transfer (automatic)', 'payment_method_Credit card (automatic)', 'payment_method_Electronic check', 'payment_method_Mailed check', 'internet_service_DSL', 'internet_service_Fiber optic', 'online_security_No', 'online_security_Yes', 'online_backup_No', 'online_backup_Yes', 'device_protection_No', 'device_protection_Yes', 'tech_support_No', 'tech_support_Yes', 'streaming_tv_No', 'streaming_tv_Yes', 'streaming_movies_No', 'streaming_movies_Yes', 'gender_Female', 'gender_Male', 'partner_No', 'partner_Yes', 'dependents_No', 'dependents_Yes', 'multiple_lines_No', 'multiple_lines_Yes')",0.009375618895435306,0.005848863443723607,0.0033768428836871856
69,"(0, 1, 2, 3, 4, 5, 6, 7, 8, 10, 11, 12, 13, 14, 15, 16, 17, 18, 19, 20, 21, 22, 23, 24, 25, 26, 27, 28, 29, 30, 31, 32, 33, 34, 35, 36, 37, 38, 39, 40, 41, 42, 43, 44, 45, 46, 47, 48, 49, 50, 51, 52, 53, 54, 55, 56, 57, 58, 59, 60, 61, 62, 63, 64, 65, 66, 67, 68, 69)",[0.75515959 0.74017376 0.73151851 0.76610686],0.7482396804277003,"('monthly_charges', 'total_charges', 'senior_citizen', 'num__spl__monthly_charges_sp_0', 'num__spl__monthly_charges_sp_1', 'num__spl__monthly_charges_sp_2', 'num__spl__monthly_charges_sp_3', 'num__spl__monthly_charges_sp_4', 'num__spl__monthly_charges_sp_5', 'num__spl__total_charges_sp_1', 'num__spl__total_charges_sp_2', 'num__spl__total_charges_sp_3', 'num__spl__total_charges_sp_4', 'num__spl__total_charges_sp_5', 'num__q__monthly_charges', 'num__q__total_charges', 'num__rb__monthly_charges', 'num__rb__total_charges', 'num__pol__1', 'num__pol__monthly_charges', 'num__pol__total_charges', 'num__pol__monthly_charges^2', 'num__pol__monthly_charges total_charges', 'num__pol__total_charges^2', 'num__pol__monthly_charges^3', 'num__pol__monthly_charges^2 total_charges', 'num__pol__monthly_charges total_charges^2', 'num__pol__total_charges^3', 'num__kbd__monthly_charges', 'num__kbd__total_charges', 'cat__type_One year', 'cat__type_Two year', 'cat__payment_method_Credit card (automatic)', 'cat__payment_method_Electronic check', 'cat__payment_method_Mailed check', 'cat__internet_service_Fiber optic', 'cat__internet_service_None', 'cat__gender_Male', 'type_Month-to-month', 'type_One year', 'type_Two year', 'paperless_billing_No', 'paperless_billing_Yes', 'payment_method_Bank transfer (automatic)', 'payment_method_Credit card (automatic)', 'payment_method_Electronic check', 'payment_method_Mailed check', 'internet_service_DSL', 'internet_service_Fiber optic', 'online_security_No', 'online_security_Yes', 'online_backup_No', 'online_backup_Yes', 'device_protection_No', 'device_protection_Yes', 'tech_support_No', 'tech_support_Yes', 'streaming_tv_No', 'streaming_tv_Yes', 'streaming_movies_No', 'streaming_movies_Yes', 'gender_Female', 'gender_Male', 'partner_No', 'partner_Yes', 'dependents_No', 'dependents_Yes', 'multiple_lines_No', 'multiple_lines_Yes')",0.021383098181109565,0.013339580315699005,0.007701610286145454
68,"(0, 1, 2, 3, 4, 5, 6, 7, 8, 10, 11, 12, 13, 14, 15, 16, 17, 18, 19, 20, 21, 22, 23, 24, 25, 26, 27, 28, 29, 30, 31, 32, 33, 34, 35, 36, 37, 38, 39, 40, 41, 42, 43, 44, 45, 46, 48, 49, 50, 51, 52, 53, 54, 55, 56, 57, 58, 59, 60, 61, 62, 63, 64, 65, 66, 67, 68, 69)",[0.74321203 0.74839243 0.74406733 0.75024085],0.7464781585899741,"('monthly_charges', 'total_charges', 'senior_citizen', 'num__spl__monthly_charges_sp_0', 'num__spl__monthly_charges_sp_1', 'num__spl__monthly_charges_sp_2', 'num__spl__monthly_charges_sp_3', 'num__spl__monthly_charges_sp_4', 'num__spl__monthly_charges_sp_5', 'num__spl__total_charges_sp_1', 'num__spl__total_charges_sp_2', 'num__spl__total_charges_sp_3', 'num__spl__total_charges_sp_4', 'num__spl__total_charges_sp_5', 'num__q__monthly_charges', 'num__q__total_charges', 'num__rb__monthly_charges', 'num__rb__total_charges', 'num__pol__1', 'num__pol__monthly_charges', 'num__pol__total_charges', 'num__pol__monthly_charges^2', 'num__pol__monthly_charges total_charges', 'num__pol__total_charges^2', 'num__pol__monthly_charges^3', 'num__pol__monthly_charges^2 total_charges', 'num__pol__monthly_charges total_charges^2', 'num__pol__total_charges^3', 'num__kbd__monthly_charges', 'num__kbd__total_charges', 'cat__type_One year', 'cat__type_Two year', 'cat__payment_method_Credit card (automatic)', 'cat__payment_method_Electronic check', 'cat__payment_method_Mailed check', 'cat__internet_service_Fiber optic', 'cat__internet_service_None', 'cat__gender_Male', 'type_Month-to-month', 'type_One year', 'type_Two year', 'paperless_billing_No', 'paperless_billing_Yes', 'payment_method_Bank transfer (automatic)', 'payment_method_Credit card (automatic)', 'payment_method_Electronic check', 'internet_service_DSL', 'internet_service_Fiber optic', 'online_security_No', 'online_security_Yes', 'online_backup_No', 'online_backup_Yes', 'device_protection_No', 'device_protection_Yes', 'tech_support_No', 'tech_support_Yes', 'streaming_tv_No', 'streaming_tv_Yes', 'streaming_movies_No', 'streaming_movies_Yes', 'gender_Female', 'gender_Male', 'partner_No', 'partner_Yes', 'dependents_No', 'dependents_Yes', 'multiple_lines_No', 'multiple_lines_Yes')",0.004694158675952052,0.0029283926090661787,0.001690708261137269
67,"(0, 1, 2, 3, 4, 5, 6, 7, 8, 10, 11, 12, 13, 14, 15, 16, 17, 18, 19, 21, 22, 23, 24, 25, 26, 27, 28, 29, 30, 31, 32, 33, 34, 35, 36, 37, 38, 39, 40, 41, 42, 43, 44, 45, 46, 48, 49, 50, 51, 52, 53, 54, 55, 56, 57, 58, 59, 60, 61, 62, 63, 64, 65, 66, 67, 68, 69)",[0.74415758 0.75199646 0.74842863 0.74406603],0.7471621771356607,"('monthly_charges', 'total_charges', 'senior_citizen', 'num__spl__monthly_charges_sp_0', 'num__spl__monthly_charges_sp_1', 'num__spl__monthly_charges_sp_2', 'num__spl__monthly_charges_sp_3', 'num__spl__monthly_charges_sp_4', 'num__spl__monthly_charges_sp_5', 'num__spl__total_charges_sp_1', 'num__spl__total_charges_sp_2', 'num__spl__total_charges_sp_3', 'num__spl__total_charges_sp_4', 'num__spl__total_charges_sp_5', 'num__q__monthly_charges', 'num__q__total_charges', 'num__rb__monthly_charges', 'num__rb__total_charges', 'num__pol__1', 'num__pol__total_charges', 'num__pol__monthly_charges^2', 'num__pol__monthly_charges total_charges', 'num__pol__total_charges^2', 'num__pol__monthly_charges^3', 'num__pol__monthly_charges^2 total_charges', 'num__pol__monthly_charges total_charges^2', 'num__pol__total_charges^3', 'num__kbd__monthly_charges', 'num__kbd__total_charges', 'cat__type_One year', 'cat__type_Two year', 'cat__payment_method_Credit card (automatic)', 'cat__payment_method_Electronic check', 'cat__payment_method_Mailed check', 'cat__internet_service_Fiber optic', 'cat__internet_service_None', 'cat__gender_Male', 'type_Month-to-month', 'type_One year', 'type_Two year', 'paperless_billing_No', 'paperless_billing_Yes', 'payment_method_Bank transfer (automatic)', 'payment_method_Credit card (automatic)', 'payment_method_Electronic check', 'internet_service_DSL', 'internet_service_Fiber optic', 'online_security_No', 'online_security_Yes', 'online_backup_No', 'online_backup_Yes', 'device_protection_No', 'device_protection_Yes', 'tech_support_No', 'tech_support_Yes', 'streaming_tv_No', 'streaming_tv_Yes', 'streaming_movies_No', 'streaming_movies_Yes', 'gender_Female', 'gender_Male', 'partner_No', 'partner_Yes', 'dependents_No', 'dependents_Yes', 'multiple_lines_No', 'multiple_lines_Yes')",0.005291533215264702,0.003301057298636495,0.0019058663199781594
66,"(0, 1, 2, 3, 4, 5, 6, 7, 8, 10, 11, 12, 13, 14, 15, 16, 17, 18, 21, 22, 23, 24, 25, 26, 27, 28, 29, 30, 31, 32, 33, 34, 35, 36, 37, 38, 39, 40, 41, 42, 43, 44, 45, 46, 48, 49, 50, 51, 52, 53, 54, 55, 56, 57, 58, 59, 60, 61, 62, 63, 64, 65, 66, 67, 68, 69)",[0.75280025 0.75100669 0.74203249 0.74850284],0.7485855669908811,"('monthly_charges', 'total_charges', 'senior_citizen', 'num__spl__monthly_charges_sp_0', 'num__spl__monthly_charges_sp_1', 'num__spl__monthly_charges_sp_2', 'num__spl__monthly_charges_sp_3', 'num__spl__monthly_charges_sp_4', 'num__spl__monthly_charges_sp_5', 'num__spl__total_charges_sp_1', 'num__spl__total_charges_sp_2', 'num__spl__total_charges_sp_3', 'num__spl__total_charges_sp_4', 'num__spl__total_charges_sp_5', 'num__q__monthly_charges', 'num__q__total_charges', 'num__rb__monthly_charges', 'num__rb__total_charges', 'num__pol__total_charges', 'num__pol__monthly_charges^2', 'num__pol__monthly_charges total_charges', 'num__pol__total_charges^2', 'num__pol__monthly_charges^3', 'num__pol__monthly_charges^2 total_charges', 'num__pol__monthly_charges total_charges^2', 'num__pol__total_charges^3', 'num__kbd__monthly_charges', 'num__kbd__total_charges', 'cat__type_One year', 'cat__type_Two year', 'cat__payment_method_Credit card (automatic)', 'cat__payment_method_Electronic check', 'cat__payment_method_Mailed check', 'cat__internet_service_Fiber optic', 'cat__internet_service_None', 'cat__gender_Male', 'type_Month-to-month', 'type_One year', 'type_Two year', 'paperless_billing_No', 'paperless_billing_Yes', 'payment_method_Bank transfer (automatic)', 'payment_method_Credit card (automatic)', 'payment_method_Electronic check', 'internet_service_DSL', 'internet_service_Fiber optic', 'online_security_No', 'online_security_Yes', 'online_backup_No', 'online_backup_Yes', 'device_protection_No', 'device_protection_Yes', 'tech_support_No', 'tech_support_Yes', 'streaming_tv_No', 'streaming_tv_Yes', 'streaming_movies_No', 'streaming_movies_Yes', 'gender_Female', 'gender_Male', 'partner_No', 'partner_Yes', 'dependents_No', 'dependents_Yes', 'multiple_lines_No', 'multiple_lines_Yes')",0.0065396413391127515,0.0040796740556533,0.0023554009142373647
65,"(0, 1, 2, 3, 4, 5, 6, 7, 8, 10, 11, 12, 13, 14, 15, 16, 17, 18, 21, 22, 23, 25, 26, 27, 28, 29, 30, 31, 32, 33, 34, 35, 36, 37, 38, 39, 40, 41, 42, 43, 44, 45, 46, 48, 49, 50, 51, 52, 53, 54, 55, 56, 57, 58, 59, 60, 61, 62, 63, 64, 65, 66, 67, 68, 69)",[0.75843326 0.76081081 0.73869708 0.75040619],0.7520868351898216,"('monthly_charges', 'total_charges', 'senior_citizen', 'num__spl__monthly_charges_sp_0', 'num__spl__monthly_charges_sp_1', 'num__spl__monthly_charges_sp_2', 'num__spl__monthly_charges_sp_3', 'num__spl__monthly_charges_sp_4', 'num__spl__monthly_charges_sp_5', 'num__spl__total_charges_sp_1', 'num__spl__total_charges_sp_2', 'num__spl__total_charges_sp_3', 'num__spl__total_charges_sp_4', 'num__spl__total_charges_sp_5', 'num__q__monthly_charges', 'num__q__total_charges', 'num__rb__monthly_charges', 'num__rb__total_charges', 'num__pol__total_charges', 'num__pol__monthly_charges^2', 'num__pol__monthly_charges total_charges', 'num__pol__monthly_charges^3', 'num__pol__monthly_charges^2 total_charges', 'num__pol__monthly_charges total_charges^2', 'num__pol__total_charges^3', 'num__kbd__monthly_charges', 'num__kbd__total_charges', 'cat__type_One year', 'cat__type_Two year', 'cat__payment_method_Credit card (automatic)', 'cat__payment_method_Electronic check', 'cat__payment_method_Mailed check', 'cat__internet_service_Fiber optic', 'cat__internet_service_None', 'cat__gender_Male', 'type_Month-to-month', 'type_One year', 'type_Two year', 'paperless_billing_No', 'paperless_billing_Yes', 'payment_method_Bank transfer (automatic)', 'payment_method_Credit card (automatic)', 'payment_method_Electronic check', 'internet_service_DSL', 'internet_service_Fiber optic', 'online_security_No', 'online_security_Yes', 'online_backup_No', 'online_backup_Yes', 'device_protection_No', 'device_protection_Yes', 'tech_support_No', 'tech_support_Yes', 'streaming_tv_No', 'streaming_tv_Yes', 'streaming_movies_No', 'streaming_movies_Yes', 'gender_Female', 'gender_Male', 'partner_No', 'partner_Yes', 'dependents_No', 'dependents_Yes', 'multiple_lines_No', 'multiple_lines_Yes')",0.0138473623927296,0.008638505105008198,0.004987443247772439
64,"(0, 1, 2, 3, 4, 5, 6, 7, 8, 10, 11, 12, 13, 14, 15, 16, 17, 18, 21, 22, 23, 25, 26, 27, 28, 29, 30, 31, 32, 33, 34, 35, 36, 37, 38, 39, 40, 41, 42, 43, 44, 45, 46, 48, 49, 50, 52, 53, 54, 55, 56, 57, 58, 59, 60, 61, 62, 63, 64, 65, 66, 67, 68, 69)",[0.75669953 0.75160237 0.73372129 0.75798443],0.7500019061451588,"('monthly_charges', 'total_charges', 'senior_citizen', 'num__spl__monthly_charges_sp_0', 'num__spl__monthly_charges_sp_1', 'num__spl__monthly_charges_sp_2', 'num__spl__monthly_charges_sp_3', 'num__spl__monthly_charges_sp_4', 'num__spl__monthly_charges_sp_5', 'num__spl__total_charges_sp_1', 'num__spl__total_charges_sp_2', 'num__spl__total_charges_sp_3', 'num__spl__total_charges_sp_4', 'num__spl__total_charges_sp_5', 'num__q__monthly_charges', 'num__q__total_charges', 'num__rb__monthly_charges', 'num__rb__total_charges', 'num__pol__total_charges', 'num__pol__monthly_charges^2', 'num__pol__monthly_charges total_charges', 'num__pol__monthly_charges^3', 'num__pol__monthly_charges^2 total_charges', 'num__pol__monthly_charges total_charges^2', 'num__pol__total_charges^3', 'num__kbd__monthly_charges', 'num__kbd__total_charges', 'cat__type_One year', 'cat__type_Two year', 'cat__payment_method_Credit card (automatic)', 'cat__payment_method_Electronic check', 'cat__payment_method_Mailed check', 'cat__internet_service_Fiber optic', 'cat__internet_service_None', 'cat__gender_Male', 'type_Month-to-month', 'type_One year', 'type_Two year', 'paperless_billing_No', 'paperless_billing_Yes', 'payment_method_Bank transfer (automatic)', 'payment_method_Credit card (automatic)', 'payment_method_Electronic check', 'internet_service_DSL', 'internet_service_Fiber optic', 'online_security_No', 'online_backup_No', 'online_backup_Yes', 'device_protection_No', 'device_protection_Yes', 'tech_support_No', 'tech_support_Yes', 'streaming_tv_No', 'streaming_tv_Yes', 'streaming_movies_No', 'streaming_movies_Yes', 'gender_Female', 'gender_Male', 'partner_No', 'partner_Yes', 'dependents_No', 'dependents_Yes', 'multiple_lines_No', 'multiple_lines_Yes')",0.015545585988172623,0.009697920810513405,0.0055990971905295886
63,"(0, 1, 2, 3, 4, 5, 6, 7, 8, 10, 11, 12, 13, 14, 15, 16, 17, 18, 21, 22, 23, 25, 26, 27, 28, 29, 30, 31, 32, 33, 34, 35, 36, 37, 38, 39, 40, 41, 42, 43, 45, 46, 48, 49, 50, 52, 53, 54, 55, 56, 57, 58, 59, 60, 61, 62, 63, 64, 65, 66, 67, 68, 69)",[0.75895482 0.73990844 0.73651252 0.76129771],0.7491683725177887,"('monthly_charges', 'total_charges', 'senior_citizen', 'num__spl__monthly_charges_sp_0', 'num__spl__monthly_charges_sp_1', 'num__spl__monthly_charges_sp_2', 'num__spl__monthly_charges_sp_3', 'num__spl__monthly_charges_sp_4', 'num__spl__monthly_charges_sp_5', 'num__spl__total_charges_sp_1', 'num__spl__total_charges_sp_2', 'num__spl__total_charges_sp_3', 'num__spl__total_charges_sp_4', 'num__spl__total_charges_sp_5', 'num__q__monthly_charges', 'num__q__total_charges', 'num__rb__monthly_charges', 'num__rb__total_charges', 'num__pol__total_charges', 'num__pol__monthly_charges^2', 'num__pol__monthly_charges total_charges', 'num__pol__monthly_charges^3', 'num__pol__monthly_charges^2 total_charges', 'num__pol__monthly_charges total_charges^2', 'num__pol__total_charges^3', 'num__kbd__monthly_charges', 'num__kbd__total_charges', 'cat__type_One year', 'cat__type_Two year', 'cat__payment_method_Credit card (automatic)', 'cat__payment_method_Electronic check', 'cat__payment_method_Mailed check', 'cat__internet_service_Fiber optic', 'cat__internet_service_None', 'cat__gender_Male', 'type_Month-to-month', 'type_One year', 'type_Two year', 'paperless_billing_No', 'paperless_billing_Yes', 'payment_method_Credit card (automatic)', 'payment_method_Electronic check', 'internet_service_DSL', 'internet_service_Fiber optic', 'online_security_No', 'online_backup_No', 'online_backup_Yes', 'device_protection_No', 'device_protection_Yes', 'tech_support_No', 'tech_support_Yes', 'streaming_tv_No', 'streaming_tv_Yes', 'streaming_movies_No', 'streaming_movies_Yes', 'gender_Female', 'gender_Male', 'partner_No', 'partner_Yes', 'dependents_No', 'dependents_Yes', 'multiple_lines_No', 'multiple_lines_Yes')",0.017720237724857615,0.011054550296777987,0.006382347589615029
62,"(0, 1, 2, 3, 4, 5, 6, 7, 8, 10, 11, 12, 13, 14, 15, 16, 17, 18, 21, 22, 23, 25, 26, 27, 28, 29, 30, 31, 32, 33, 34, 35, 36, 37, 38, 39, 40, 41, 42, 43, 45, 46, 48, 49, 50, 52, 53, 54, 55, 56, 57, 58, 59, 60, 61, 62, 63, 64, 65, 67, 68, 69)",[0.75469266 0.73566579 0.73437354 0.76470864],0.7473601568586117,"('monthly_charges', 'total_charges', 'senior_citizen', 'num__spl__monthly_charges_sp_0', 'num__spl__monthly_charges_sp_1', 'num__spl__monthly_charges_sp_2', 'num__spl__monthly_charges_sp_3', 'num__spl__monthly_charges_sp_4', 'num__spl__monthly_charges_sp_5', 'num__spl__total_charges_sp_1', 'num__spl__total_charges_sp_2', 'num__spl__total_charges_sp_3', 'num__spl__total_charges_sp_4', 'num__spl__total_charges_sp_5', 'num__q__monthly_charges', 'num__q__total_charges', 'num__rb__monthly_charges', 'num__rb__total_charges', 'num__pol__total_charges', 'num__pol__monthly_charges^2', 'num__pol__monthly_charges total_charges', 'num__pol__monthly_charges^3', 'num__pol__monthly_charges^2 total_charges', 'num__pol__monthly_charges total_charges^2', 'num__pol__total_charges^3', 'num__kbd__monthly_charges', 'num__kbd__total_charges', 'cat__type_One year', 'cat__type_Two year', 'cat__payment_method_Credit card (automatic)', 'cat__payment_method_Electronic check', 'cat__payment_method_Mailed check', 'cat__internet_service_Fiber optic', 'cat__internet_service_None', 'cat__gender_Male', 'type_Month-to-month', 'type_One year', 'type_Two year', 'paperless_billing_No', 'paperless_billing_Yes', 'payment_method_Credit card (automatic)', 'payment_method_Electronic check', 'internet_service_DSL', 'internet_service_Fiber optic', 'online_security_No', 'online_backup_No', 'online_backup_Yes', 'device_protection_No', 'device_protection_Yes', 'tech_support_No', 'tech_support_Yes', 'streaming_tv_No', 'streaming_tv_Yes', 'streaming_movies_No', 'streaming_movies_Yes', 'gender_Female', 'gender_Male', 'partner_No', 'partner_Yes', 'dependents_Yes', 'multiple_lines_No', 'multiple_lines_Yes')",0.02059294537784669,0.012846653299626497,0.007417018740725151
61,"(0, 1, 2, 3, 4, 5, 6, 7, 8, 10, 11, 12, 14, 15, 16, 17, 18, 21, 22, 23, 25, 26, 27, 28, 29, 30, 31, 32, 33, 34, 35, 36, 37, 38, 39, 40, 41, 42, 43, 45, 46, 48, 49, 50, 52, 53, 54, 55, 56, 57, 58, 59, 60, 61, 62, 63, 64, 65, 67, 68, 69)",[0.75630024 0.76084983 0.73705541 0.75869005],0.7532238806927676,"('monthly_charges', 'total_charges', 'senior_citizen', 'num__spl__monthly_charges_sp_0', 'num__spl__monthly_charges_sp_1', 'num__spl__monthly_charges_sp_2', 'num__spl__monthly_charges_sp_3', 'num__spl__monthly_charges_sp_4', 'num__spl__monthly_charges_sp_5', 'num__spl__total_charges_sp_1', 'num__spl__total_charges_sp_2', 'num__spl__total_charges_sp_3', 'num__spl__total_charges_sp_5', 'num__q__monthly_charges', 'num__q__total_charges', 'num__rb__monthly_charges', 'num__rb__total_charges', 'num__pol__total_charges', 'num__pol__monthly_charges^2', 'num__pol__monthly_charges total_charges', 'num__pol__monthly_charges^3', 'num__pol__monthly_charges^2 total_charges', 'num__pol__monthly_charges total_charges^2', 'num__pol__total_charges^3', 'num__kbd__monthly_charges', 'num__kbd__total_charges', 'cat__type_One year', 'cat__type_Two year', 'cat__payment_method_Credit card (automatic)', 'cat__payment_method_Electronic check', 'cat__payment_method_Mailed check', 'cat__internet_service_Fiber optic', 'cat__internet_service_None', 'cat__gender_Male', 'type_Month-to-month', 'type_One year', 'type_Two year', 'paperless_billing_No', 'paperless_billing_Yes', 'payment_method_Credit card (automatic)', 'payment_method_Electronic check', 'internet_service_DSL', 'internet_service_Fiber optic', 'online_security_No', 'online_backup_No', 'online_backup_Yes', 'device_protection_No', 'device_protection_Yes', 'tech_support_No', 'tech_support_Yes', 'streaming_tv_No', 'streaming_tv_Yes', 'streaming_movies_No', 'streaming_movies_Yes', 'gender_Female', 'gender_Male', 'partner_No', 'partner_Yes', 'dependents_Yes', 'multiple_lines_No', 'multiple_lines_Yes')",0.015184336609680537,0.00947255987087891,0.005468984991366785
60,"(0, 1, 2, 3, 4, 5, 6, 7, 8, 10, 11, 12, 14, 15, 16, 17, 18, 21, 22, 23, 25, 26, 27, 28, 29, 30, 31, 32, 33, 34, 35, 36, 37, 38, 39, 40, 41, 42, 43, 45, 46, 48, 49, 50, 52, 53, 54, 55, 56, 57, 58, 59, 60, 62, 63, 64, 65, 67, 68, 69)",[0.74822334 0.76355773 0.73155366 0.74925402],0.7481471911947107,"('monthly_charges', 'total_charges', 'senior_citizen', 'num__spl__monthly_charges_sp_0', 'num__spl__monthly_charges_sp_1', 'num__spl__monthly_charges_sp_2', 'num__spl__monthly_charges_sp_3', 'num__spl__monthly_charges_sp_4', 'num__spl__monthly_charges_sp_5', 'num__spl__total_charges_sp_1', 'num__spl__total_charges_sp_2', 'num__spl__total_charges_sp_3', 'num__spl__total_charges_sp_5', 'num__q__monthly_charges', 'num__q__total_charges', 'num__rb__monthly_charges', 'num__rb__total_charges', 'num__pol__total_charges', 'num__pol__monthly_charges^2', 'num__pol__monthly_charges total_charges', 'num__pol__monthly_charges^3', 'num__pol__monthly_charges^2 total_charges', 'num__pol__monthly_charges total_charges^2', 'num__pol__total_charges^3', 'num__kbd__monthly_charges', 'num__kbd__total_charges', 'cat__type_One year', 'cat__type_Two year', 'cat__payment_method_Credit card (automatic)', 'cat__payment_method_Electronic check', 'cat__payment_method_Mailed check', 'cat__internet_service_Fiber optic', 'cat__internet_service_None', 'cat__gender_Male', 'type_Month-to-month', 'type_One year', 'type_Two year', 'paperless_billing_No', 'paperless_billing_Yes', 'payment_method_Credit card (automatic)', 'payment_method_Electronic check', 'internet_service_DSL', 'internet_service_Fiber optic', 'online_security_No', 'online_backup_No', 'online_backup_Yes', 'device_protection_No', 'device_protection_Yes', 'tech_support_No', 'tech_support_Yes', 'streaming_tv_No', 'streaming_tv_Yes', 'streaming_movies_No', 'gender_Female', 'gender_Male', 'partner_No', 'partner_Yes', 'dependents_Yes', 'multiple_lines_No', 'multiple_lines_Yes')",0.01817212648390652,0.01133645548862805,0.006545105628015615
59,"(0, 1, 2, 3, 4, 5, 6, 7, 8, 10, 11, 12, 14, 15, 16, 17, 18, 21, 22, 23, 25, 26, 27, 28, 29, 30, 31, 32, 33, 34, 35, 36, 37, 38, 39, 40, 41, 42, 43, 45, 46, 48, 49, 50, 52, 53, 55, 56, 57, 58, 59, 60, 62, 63, 64, 65, 67, 68, 69)",[0.74642588 0.77545327 0.73989611 0.74169661],0.7508679664089419,"('monthly_charges', 'total_charges', 'senior_citizen', 'num__spl__monthly_charges_sp_0', 'num__spl__monthly_charges_sp_1', 'num__spl__monthly_charges_sp_2', 'num__spl__monthly_charges_sp_3', 'num__spl__monthly_charges_sp_4', 'num__spl__monthly_charges_sp_5', 'num__spl__total_charges_sp_1', 'num__spl__total_charges_sp_2', 'num__spl__total_charges_sp_3', 'num__spl__total_charges_sp_5', 'num__q__monthly_charges', 'num__q__total_charges', 'num__rb__monthly_charges', 'num__rb__total_charges', 'num__pol__total_charges', 'num__pol__monthly_charges^2', 'num__pol__monthly_charges total_charges', 'num__pol__monthly_charges^3', 'num__pol__monthly_charges^2 total_charges', 'num__pol__monthly_charges total_charges^2', 'num__pol__total_charges^3', 'num__kbd__monthly_charges', 'num__kbd__total_charges', 'cat__type_One year', 'cat__type_Two year', 'cat__payment_method_Credit card (automatic)', 'cat__payment_method_Electronic check', 'cat__payment_method_Mailed check', 'cat__internet_service_Fiber optic', 'cat__internet_service_None', 'cat__gender_Male', 'type_Month-to-month', 'type_One year', 'type_Two year', 'paperless_billing_No', 'paperless_billing_Yes', 'payment_method_Credit card (automatic)', 'payment_method_Electronic check', 'internet_service_DSL', 'internet_service_Fiber optic', 'online_security_No', 'online_backup_No', 'online_backup_Yes', 'device_protection_Yes', 'tech_support_No', 'tech_support_Yes', 'streaming_tv_No', 'streaming_tv_Yes', 'streaming_movies_No', 'gender_Female', 'gender_Male', 'partner_No', 'partner_Yes', 'dependents_Yes', 'multiple_lines_No', 'multiple_lines_Yes')",0.02307213975798798,0.014393267932923209,0.008309957115591623
58,"(0, 1, 2, 3, 4, 5, 6, 7, 8, 10, 11, 12, 14, 15, 16, 17, 18, 21, 22, 23, 25, 26, 27, 28, 29, 30, 31, 32, 33, 34, 35, 36, 37, 38, 39, 40, 41, 42, 43, 45, 46, 48, 49, 50, 52, 53, 55, 56, 57, 58, 60, 62, 63, 64, 65, 67, 68, 69)",[0.75692454 0.75745389 0.74193355 0.75892178],0.7538084413768361,"('monthly_charges', 'total_charges', 'senior_citizen', 'num__spl__monthly_charges_sp_0', 'num__spl__monthly_charges_sp_1', 'num__spl__monthly_charges_sp_2', 'num__spl__monthly_charges_sp_3', 'num__spl__monthly_charges_sp_4', 'num__spl__monthly_charges_sp_5', 'num__spl__total_charges_sp_1', 'num__spl__total_charges_sp_2', 'num__spl__total_charges_sp_3', 'num__spl__total_charges_sp_5', 'num__q__monthly_charges', 'num__q__total_charges', 'num__rb__monthly_charges', 'num__rb__total_charges', 'num__pol__total_charges', 'num__pol__monthly_charges^2', 'num__pol__monthly_charges total_charges', 'num__pol__monthly_charges^3', 'num__pol__monthly_charges^2 total_charges', 'num__pol__monthly_charges total_charges^2', 'num__pol__total_charges^3', 'num__kbd__monthly_charges', 'num__kbd__total_charges', 'cat__type_One year', 'cat__type_Two year', 'cat__payment_method_Credit card (automatic)', 'cat__payment_method_Electronic check', 'cat__payment_method_Mailed check', 'cat__internet_service_Fiber optic', 'cat__internet_service_None', 'cat__gender_Male', 'type_Month-to-month', 'type_One year', 'type_Two year', 'paperless_billing_No', 'paperless_billing_Yes', 'payment_method_Credit card (automatic)', 'payment_method_Electronic check', 'internet_service_DSL', 'internet_service_Fiber optic', 'online_security_No', 'online_backup_No', 'online_backup_Yes', 'device_protection_Yes', 'tech_support_No', 'tech_support_Yes', 'streaming_tv_No', 'streaming_movies_No', 'gender_Female', 'gender_Male', 'partner_No', 'partner_Yes', 'dependents_Yes', 'multiple_lines_No', 'multiple_lines_Yes')",0.011052397340988833,0.0068949008587252504,0.003980772866820805
57,"(0, 1, 2, 3, 4, 5, 6, 7, 8, 10, 11, 12, 14, 15, 16, 17, 21, 22, 23, 25, 26, 27, 28, 29, 30, 31, 32, 33, 34, 35, 36, 37, 38, 39, 40, 41, 42, 43, 45, 46, 48, 49, 50, 52, 53, 55, 56, 57, 58, 60, 62, 63, 64, 65, 67, 68, 69)",[0.73772078 0.76062092 0.74087773 0.76599099],0.7513026047822873,"('monthly_charges', 'total_charges', 'senior_citizen', 'num__spl__monthly_charges_sp_0', 'num__spl__monthly_charges_sp_1', 'num__spl__monthly_charges_sp_2', 'num__spl__monthly_charges_sp_3', 'num__spl__monthly_charges_sp_4', 'num__spl__monthly_charges_sp_5', 'num__spl__total_charges_sp_1', 'num__spl__total_charges_sp_2', 'num__spl__total_charges_sp_3', 'num__spl__total_charges_sp_5', 'num__q__monthly_charges', 'num__q__total_charges', 'num__rb__monthly_charges', 'num__pol__total_charges', 'num__pol__monthly_charges^2', 'num__pol__monthly_charges total_charges', 'num__pol__monthly_charges^3', 'num__pol__monthly_charges^2 total_charges', 'num__pol__monthly_charges total_charges^2', 'num__pol__total_charges^3', 'num__kbd__monthly_charges', 'num__kbd__total_charges', 'cat__type_One year', 'cat__type_Two year', 'cat__payment_method_Credit card (automatic)', 'cat__payment_method_Electronic check', 'cat__payment_method_Mailed check', 'cat__internet_service_Fiber optic', 'cat__internet_service_None', 'cat__gender_Male', 'type_Month-to-month', 'type_One year', 'type_Two year', 'paperless_billing_No', 'paperless_billing_Yes', 'payment_method_Credit card (automatic)', 'payment_method_Electronic check', 'internet_service_DSL', 'internet_service_Fiber optic', 'online_security_No', 'online_backup_No', 'online_backup_Yes', 'device_protection_Yes', 'tech_support_No', 'tech_support_Yes', 'streaming_tv_No', 'streaming_movies_No', 'gender_Female', 'gender_Male', 'partner_No', 'partner_Yes', 'dependents_Yes', 'multiple_lines_No', 'multiple_lines_Yes')",0.019562344181701073,0.012203725538971817,0.007045824225041689
56,"(0, 1, 2, 3, 4, 5, 6, 7, 8, 10, 11, 12, 14, 15, 16, 17, 21, 22, 23, 25, 26, 27, 28, 29, 31, 32, 33, 34, 35, 36, 37, 38, 39, 40, 41, 42, 43, 45, 46, 48, 49, 50, 52, 53, 55, 56, 57, 58, 60, 62, 63, 64, 65, 67, 68, 69)",[0.73137372 0.77805842 0.71650654 0.77017393],0.749028153222069,"('monthly_charges', 'total_charges', 'senior_citizen', 'num__spl__monthly_charges_sp_0', 'num__spl__monthly_charges_sp_1', 'num__spl__monthly_charges_sp_2', 'num__spl__monthly_charges_sp_3', 'num__spl__monthly_charges_sp_4', 'num__spl__monthly_charges_sp_5', 'num__spl__total_charges_sp_1', 'num__spl__total_charges_sp_2', 'num__spl__total_charges_sp_3', 'num__spl__total_charges_sp_5', 'num__q__monthly_charges', 'num__q__total_charges', 'num__rb__monthly_charges', 'num__pol__total_charges', 'num__pol__monthly_charges^2', 'num__pol__monthly_charges total_charges', 'num__pol__monthly_charges^3', 'num__pol__monthly_charges^2 total_charges', 'num__pol__monthly_charges total_charges^2', 'num__pol__total_charges^3', 'num__kbd__monthly_charges', 'cat__type_One year', 'cat__type_Two year', 'cat__payment_method_Credit card (automatic)', 'cat__payment_method_Electronic check', 'cat__payment_method_Mailed check', 'cat__internet_service_Fiber optic', 'cat__internet_service_None', 'cat__gender_Male', 'type_Month-to-month', 'type_One year', 'type_Two year', 'paperless_billing_No', 'paperless_billing_Yes', 'payment_method_Credit card (automatic)', 'payment_method_Electronic check', 'internet_service_DSL', 'internet_service_Fiber optic', 'online_security_No', 'online_backup_No', 'online_backup_Yes', 'device_protection_Yes', 'tech_support_No', 'tech_support_Yes', 'streaming_tv_No', 'streaming_movies_No', 'gender_Female', 'gender_Male', 'partner_No', 'partner_Yes', 'dependents_Yes', 'multiple_lines_No', 'multiple_lines_Yes')",0.041331087894816446,0.025783886031781295,0.014886333541203563
55,"(0, 1, 2, 3, 4, 5, 6, 7, 8, 10, 11, 12, 14, 15, 16, 17, 21, 22, 23, 25, 26, 27, 28, 29, 31, 32, 33, 34, 35, 36, 37, 38, 39, 40, 41, 43, 45, 46, 48, 49, 50, 52, 53, 55, 56, 57, 58, 60, 62, 63, 64, 65, 67, 68, 69)",[0.73806545 0.74413417 0.73354163 0.76428553],0.7450066956598707,"('monthly_charges', 'total_charges', 'senior_citizen', 'num__spl__monthly_charges_sp_0', 'num__spl__monthly_charges_sp_1', 'num__spl__monthly_charges_sp_2', 'num__spl__monthly_charges_sp_3', 'num__spl__monthly_charges_sp_4', 'num__spl__monthly_charges_sp_5', 'num__spl__total_charges_sp_1', 'num__spl__total_charges_sp_2', 'num__spl__total_charges_sp_3', 'num__spl__total_charges_sp_5', 'num__q__monthly_charges', 'num__q__total_charges', 'num__rb__monthly_charges', 'num__pol__total_charges', 'num__pol__monthly_charges^2', 'num__pol__monthly_charges total_charges', 'num__pol__monthly_charges^3', 'num__pol__monthly_charges^2 total_charges', 'num__pol__monthly_charges total_charges^2', 'num__pol__total_charges^3', 'num__kbd__monthly_charges', 'cat__type_One year', 'cat__type_Two year', 'cat__payment_method_Credit card (automatic)', 'cat__payment_method_Electronic check', 'cat__payment_method_Mailed check', 'cat__internet_service_Fiber optic', 'cat__internet_service_None', 'cat__gender_Male', 'type_Month-to-month', 'type_One year', 'type_Two year', 'paperless_billing_Yes', 'payment_method_Credit card (automatic)', 'payment_method_Electronic check', 'internet_service_DSL', 'internet_service_Fiber optic', 'online_security_No', 'online_backup_No', 'online_backup_Yes', 'device_protection_Yes', 'tech_support_No', 'tech_support_Yes', 'streaming_tv_No', 'streaming_movies_No', 'gender_Female', 'gender_Male', 'partner_No', 'partner_Yes', 'dependents_Yes', 'multiple_lines_No', 'multiple_lines_Yes')",0.018831845629445013,0.01174801308674494,0.006782718518075437
54,"(0, 1, 2, 3, 4, 5, 6, 7, 8, 10, 11, 12, 14, 15, 16, 17, 21, 22, 23, 25, 26, 27, 28, 29, 31, 32, 33, 34, 35, 36, 37, 38, 39, 40, 41, 43, 45, 48, 49, 50, 52, 53, 55, 56, 57, 58, 60, 62, 63, 64, 65, 67, 68, 69)",[0.73150248 0.7554015  0.76279357 0.75525309],0.7512376617745552,"('monthly_charges', 'total_charges', 'senior_citizen', 'num__spl__monthly_charges_sp_0', 'num__spl__monthly_charges_sp_1', 'num__spl__monthly_charges_sp_2', 'num__spl__monthly_charges_sp_3', 'num__spl__monthly_charges_sp_4', 'num__spl__monthly_charges_sp_5', 'num__spl__total_charges_sp_1', 'num__spl__total_charges_sp_2', 'num__spl__total_charges_sp_3', 'num__spl__total_charges_sp_5', 'num__q__monthly_charges', 'num__q__total_charges', 'num__rb__monthly_charges', 'num__pol__total_charges', 'num__pol__monthly_charges^2', 'num__pol__monthly_charges total_charges', 'num__pol__monthly_charges^3', 'num__pol__monthly_charges^2 total_charges', 'num__pol__monthly_charges total_charges^2', 'num__pol__total_charges^3', 'num__kbd__monthly_charges', 'cat__type_One year', 'cat__type_Two year', 'cat__payment_method_Credit card (automatic)', 'cat__payment_method_Electronic check', 'cat__payment_method_Mailed check', 'cat__internet_service_Fiber optic', 'cat__internet_service_None', 'cat__gender_Male', 'type_Month-to-month', 'type_One year', 'type_Two year', 'paperless_billing_Yes', 'payment_method_Credit card (automatic)', 'internet_service_DSL', 'internet_service_Fiber optic', 'online_security_No', 'online_backup_No', 'online_backup_Yes', 'device_protection_Yes', 'tech_support_No', 'tech_support_Yes', 'streaming_tv_No', 'streaming_movies_No', 'gender_Female', 'gender_Male', 'partner_No', 'partner_Yes', 'dependents_Yes', 'multiple_lines_No', 'multiple_lines_Yes')",0.018906985465441443,0.011794888140523081,0.006809781842992526
53,"(0, 1, 2, 3, 4, 5, 6, 7, 8, 10, 11, 12, 14, 15, 16, 17, 21, 22, 23, 25, 26, 27, 28, 29, 31, 32, 33, 34, 35, 36, 37, 38, 39, 40, 41, 43, 45, 48, 49, 50, 52, 53, 55, 56, 57, 60, 62, 63, 64, 65, 67, 68, 69)",[0.74410426 0.75274953 0.74204031 0.73950424],0.744599583463584,"('monthly_charges', 'total_charges', 'senior_citizen', 'num__spl__monthly_charges_sp_0', 'num__spl__monthly_charges_sp_1', 'num__spl__monthly_charges_sp_2', 'num__spl__monthly_charges_sp_3', 'num__spl__monthly_charges_sp_4', 'num__spl__monthly_charges_sp_5', 'num__spl__total_charges_sp_1', 'num__spl__total_charges_sp_2', 'num__spl__total_charges_sp_3', 'num__spl__total_charges_sp_5', 'num__q__monthly_charges', 'num__q__total_charges', 'num__rb__monthly_charges', 'num__pol__total_charges', 'num__pol__monthly_charges^2', 'num__pol__monthly_charges total_charges', 'num__pol__monthly_charges^3', 'num__pol__monthly_charges^2 total_charges', 'num__pol__monthly_charges total_charges^2', 'num__pol__total_charges^3', 'num__kbd__monthly_charges', 'cat__type_One year', 'cat__type_Two year', 'cat__payment_method_Credit card (automatic)', 'cat__payment_method_Electronic check', 'cat__payment_method_Mailed check', 'cat__internet_service_Fiber optic', 'cat__internet_service_None', 'cat__gender_Male', 'type_Month-to-month', 'type_One year', 'type_Two year', 'paperless_billing_Yes', 'payment_method_Credit card (automatic)', 'internet_service_DSL', 'internet_service_Fiber optic', 'online_security_No', 'online_backup_No', 'online_backup_Yes', 'device_protection_Yes', 'tech_support_No', 'tech_support_Yes', 'streaming_movies_No', 'gender_Female', 'gender_Male', 'partner_No', 'partner_Yes', 'dependents_Yes', 'multiple_lines_No', 'multiple_lines_Yes')",0.007981948974746132,0.004979439766988543,0.002874880889884363
52,"(0, 1, 2, 3, 4, 5, 6, 7, 8, 10, 11, 12, 14, 16, 17, 21, 22, 23, 25, 26, 27, 28, 29, 31, 32, 33, 34, 35, 36, 37, 38, 39, 40, 41, 43, 45, 48, 49, 50, 52, 53, 55, 56, 57, 60, 62, 63, 64, 65, 67, 68, 69)",[0.749165   0.76735687 0.73692392 0.74880227],0.7505620130386469,"('monthly_charges', 'total_charges', 'senior_citizen', 'num__spl__monthly_charges_sp_0', 'num__spl__monthly_charges_sp_1', 'num__spl__monthly_charges_sp_2', 'num__spl__monthly_charges_sp_3', 'num__spl__monthly_charges_sp_4', 'num__spl__monthly_charges_sp_5', 'num__spl__total_charges_sp_1', 'num__spl__total_charges_sp_2', 'num__spl__total_charges_sp_3', 'num__spl__total_charges_sp_5', 'num__q__total_charges', 'num__rb__monthly_charges', 'num__pol__total_charges', 'num__pol__monthly_charges^2', 'num__pol__monthly_charges total_charges', 'num__pol__monthly_charges^3', 'num__pol__monthly_charges^2 total_charges', 'num__pol__monthly_charges total_charges^2', 'num__pol__total_charges^3', 'num__kbd__monthly_charges', 'cat__type_One year', 'cat__type_Two year', 'cat__payment_method_Credit card (automatic)', 'cat__payment_method_Electronic check', 'cat__payment_method_Mailed check', 'cat__internet_service_Fiber optic', 'cat__internet_service_None', 'cat__gender_Male', 'type_Month-to-month', 'type_One year', 'type_Two year', 'paperless_billing_Yes', 'payment_method_Credit card (automatic)', 'internet_service_DSL', 'internet_service_Fiber optic', 'online_security_No', 'online_backup_No', 'online_backup_Yes', 'device_protection_Yes', 'tech_support_No', 'tech_support_Yes', 'streaming_movies_No', 'gender_Female', 'gender_Male', 'partner_No', 'partner_Yes', 'dependents_Yes', 'multiple_lines_No', 'multiple_lines_Yes')",0.017433353591302755,0.010875581191906385,0.006279019728740782
51,"(0, 1, 2, 3, 4, 5, 6, 7, 8, 10, 11, 12, 14, 16, 17, 21, 22, 23, 25, 26, 27, 28, 31, 32, 33, 34, 35, 36, 37, 38, 39, 40, 41, 43, 45, 48, 49, 50, 52, 53, 55, 56, 57, 60, 62, 63, 64, 65, 67, 68, 69)",[0.7549892  0.75346097 0.73226189 0.7576199 ],0.7495829905717831,"('monthly_charges', 'total_charges', 'senior_citizen', 'num__spl__monthly_charges_sp_0', 'num__spl__monthly_charges_sp_1', 'num__spl__monthly_charges_sp_2', 'num__spl__monthly_charges_sp_3', 'num__spl__monthly_charges_sp_4', 'num__spl__monthly_charges_sp_5', 'num__spl__total_charges_sp_1', 'num__spl__total_charges_sp_2', 'num__spl__total_charges_sp_3', 'num__spl__total_charges_sp_5', 'num__q__total_charges', 'num__rb__monthly_charges', 'num__pol__total_charges', 'num__pol__monthly_charges^2', 'num__pol__monthly_charges total_charges', 'num__pol__monthly_charges^3', 'num__pol__monthly_charges^2 total_charges', 'num__pol__monthly_charges total_charges^2', 'num__pol__total_charges^3', 'cat__type_One year', 'cat__type_Two year', 'cat__payment_method_Credit card (automatic)', 'cat__payment_method_Electronic check', 'cat__payment_method_Mailed check', 'cat__internet_service_Fiber optic', 'cat__internet_service_None', 'cat__gender_Male', 'type_Month-to-month', 'type_One year', 'type_Two year', 'paperless_billing_Yes', 'payment_method_Credit card (automatic)', 'internet_service_DSL', 'internet_service_Fiber optic', 'online_security_No', 'online_backup_No', 'online_backup_Yes', 'device_protection_Yes', 'tech_support_No', 'tech_support_Yes', 'streaming_movies_No', 'gender_Female', 'gender_Male', 'partner_No', 'partner_Yes', 'dependents_Yes', 'multiple_lines_No', 'multiple_lines_Yes')",0.0162067374699428,0.010110371953805077,0.005837225969136603
50,"(0, 1, 2, 3, 4, 5, 6, 7, 8, 10, 11, 12, 14, 16, 17, 21, 22, 23, 25, 26, 27, 31, 32, 33, 34, 35, 36, 37, 38, 39, 40, 41, 43, 45, 48, 49, 50, 52, 53, 55, 56, 57, 60, 62, 63, 64, 65, 67, 68, 69)",[0.74919881 0.74801524 0.73015414 0.77129094],0.7496647859701903,"('monthly_charges', 'total_charges', 'senior_citizen', 'num__spl__monthly_charges_sp_0', 'num__spl__monthly_charges_sp_1', 'num__spl__monthly_charges_sp_2', 'num__spl__monthly_charges_sp_3', 'num__spl__monthly_charges_sp_4', 'num__spl__monthly_charges_sp_5', 'num__spl__total_charges_sp_1', 'num__spl__total_charges_sp_2', 'num__spl__total_charges_sp_3', 'num__spl__total_charges_sp_5', 'num__q__total_charges', 'num__rb__monthly_charges', 'num__pol__total_charges', 'num__pol__monthly_charges^2', 'num__pol__monthly_charges total_charges', 'num__pol__monthly_charges^3', 'num__pol__monthly_charges^2 total_charges', 'num__pol__monthly_charges total_charges^2', 'cat__type_One year', 'cat__type_Two year', 'cat__payment_method_Credit card (automatic)', 'cat__payment_method_Electronic check', 'cat__payment_method_Mailed check', 'cat__internet_service_Fiber optic', 'cat__internet_service_None', 'cat__gender_Male', 'type_Month-to-month', 'type_One year', 'type_Two year', 'paperless_billing_Yes', 'payment_method_Credit card (automatic)', 'internet_service_DSL', 'internet_service_Fiber optic', 'online_security_No', 'online_backup_No', 'online_backup_Yes', 'device_protection_Yes', 'tech_support_No', 'tech_support_Yes', 'streaming_movies_No', 'gender_Female', 'gender_Male', 'partner_No', 'partner_Yes', 'dependents_Yes', 'multiple_lines_No', 'multiple_lines_Yes')",0.023385047980274753,0.01458847184244482,0.008422658145300792
49,"(0, 1, 2, 3, 4, 5, 6, 7, 8, 10, 11, 12, 14, 16, 17, 21, 22, 23, 25, 26, 27, 32, 33, 34, 35, 36, 37, 38, 39, 40, 41, 43, 45, 48, 49, 50, 52, 53, 55, 56, 57, 60, 62, 63, 64, 65, 67, 68, 69)",[0.74565851 0.74679265 0.74701349 0.76604567],0.7513775797207857,"('monthly_charges', 'total_charges', 'senior_citizen', 'num__spl__monthly_charges_sp_0', 'num__spl__monthly_charges_sp_1', 'num__spl__monthly_charges_sp_2', 'num__spl__monthly_charges_sp_3', 'num__spl__monthly_charges_sp_4', 'num__spl__monthly_charges_sp_5', 'num__spl__total_charges_sp_1', 'num__spl__total_charges_sp_2', 'num__spl__total_charges_sp_3', 'num__spl__total_charges_sp_5', 'num__q__total_charges', 'num__rb__monthly_charges', 'num__pol__total_charges', 'num__pol__monthly_charges^2', 'num__pol__monthly_charges total_charges', 'num__pol__monthly_charges^3', 'num__pol__monthly_charges^2 total_charges', 'num__pol__monthly_charges total_charges^2', 'cat__type_Two year', 'cat__payment_method_Credit card (automatic)', 'cat__payment_method_Electronic check', 'cat__payment_method_Mailed check', 'cat__internet_service_Fiber optic', 'cat__internet_service_None', 'cat__gender_Male', 'type_Month-to-month', 'type_One year', 'type_Two year', 'paperless_billing_Yes', 'payment_method_Credit card (automatic)', 'internet_service_DSL', 'internet_service_Fiber optic', 'online_security_No', 'online_backup_No', 'online_backup_Yes', 'device_protection_Yes', 'tech_support_No', 'tech_support_Yes', 'streaming_movies_No', 'gender_Female', 'gender_Male', 'partner_No', 'partner_Yes', 'dependents_Yes', 'multiple_lines_No', 'multiple_lines_Yes')",0.013600035563572137,0.008484213333356146,0.004898362851875383
48,"(0, 1, 2, 3, 4, 5, 7, 8, 10, 11, 12, 14, 16, 17, 21, 22, 23, 25, 26, 27, 32, 33, 34, 35, 36, 37, 38, 39, 40, 41, 43, 45, 48, 49, 50, 52, 53, 55, 56, 57, 60, 62, 63, 64, 65, 67, 68, 69)",[0.74925864 0.76691335 0.74533927 0.73945477],0.7502415093747634,"('monthly_charges', 'total_charges', 'senior_citizen', 'num__spl__monthly_charges_sp_0', 'num__spl__monthly_charges_sp_1', 'num__spl__monthly_charges_sp_2', 'num__spl__monthly_charges_sp_4', 'num__spl__monthly_charges_sp_5', 'num__spl__total_charges_sp_1', 'num__spl__total_charges_sp_2', 'num__spl__total_charges_sp_3', 'num__spl__total_charges_sp_5', 'num__q__total_charges', 'num__rb__monthly_charges', 'num__pol__total_charges', 'num__pol__monthly_charges^2', 'num__pol__monthly_charges total_charges', 'num__pol__monthly_charges^3', 'num__pol__monthly_charges^2 total_charges', 'num__pol__monthly_charges total_charges^2', 'cat__type_Two year', 'cat__payment_method_Credit card (automatic)', 'cat__payment_method_Electronic check', 'cat__payment_method_Mailed check', 'cat__internet_service_Fiber optic', 'cat__internet_service_None', 'cat__gender_Male', 'type_Month-to-month', 'type_One year', 'type_Two year', 'paperless_billing_Yes', 'payment_method_Credit card (automatic)', 'internet_service_DSL', 'internet_service_Fiber optic', 'online_security_No', 'online_backup_No', 'online_backup_Yes', 'device_protection_Yes', 'tech_support_No', 'tech_support_Yes', 'streaming_movies_No', 'gender_Female', 'gender_Male', 'partner_No', 'partner_Yes', 'dependents_Yes', 'multiple_lines_No', 'multiple_lines_Yes')",0.016412016353683417,0.010238432636760464,0.005911161838913504
47,"(0, 1, 2, 3, 4, 5, 8, 10, 11, 12, 14, 16, 17, 21, 22, 23, 25, 26, 27, 32, 33, 34, 35, 36, 37, 38, 39, 40, 41, 43, 45, 48, 49, 50, 52, 53, 55, 56, 57, 60, 62, 63, 64, 65, 67, 68, 69)",[0.74396769 0.74280233 0.74387335 0.75709394],0.7469343299819261,"('monthly_charges', 'total_charges', 'senior_citizen', 'num__spl__monthly_charges_sp_0', 'num__spl__monthly_charges_sp_1', 'num__spl__monthly_charges_sp_2', 'num__spl__monthly_charges_sp_5', 'num__spl__total_charges_sp_1', 'num__spl__total_charges_sp_2', 'num__spl__total_charges_sp_3', 'num__spl__total_charges_sp_5', 'num__q__total_charges', 'num__rb__monthly_charges', 'num__pol__total_charges', 'num__pol__monthly_charges^2', 'num__pol__monthly_charges total_charges', 'num__pol__monthly_charges^3', 'num__pol__monthly_charges^2 total_charges', 'num__pol__monthly_charges total_charges^2', 'cat__type_Two year', 'cat__payment_method_Credit card (automatic)', 'cat__payment_method_Electronic check', 'cat__payment_method_Mailed check', 'cat__internet_service_Fiber optic', 'cat__internet_service_None', 'cat__gender_Male', 'type_Month-to-month', 'type_One year', 'type_Two year', 'paperless_billing_Yes', 'payment_method_Credit card (automatic)', 'internet_service_DSL', 'internet_service_Fiber optic', 'online_security_No', 'online_backup_No', 'online_backup_Yes', 'device_protection_Yes', 'tech_support_No', 'tech_support_Yes', 'streaming_movies_No', 'gender_Female', 'gender_Male', 'partner_No', 'partner_Yes', 'dependents_Yes', 'multiple_lines_No', 'multiple_lines_Yes')",0.00943112009746103,0.0058834871795250925,0.003396832906872524
46,"(0, 1, 2, 3, 4, 5, 8, 10, 11, 12, 14, 16, 17, 21, 22, 23, 25, 26, 27, 32, 33, 34, 35, 36, 37, 38, 40, 41, 43, 45, 48, 49, 50, 52, 53, 55, 56, 57, 60, 62, 63, 64, 65, 67, 68, 69)",[0.75035247 0.74719975 0.72239494 0.76289642],0.7457108952237523,"('monthly_charges', 'total_charges', 'senior_citizen', 'num__spl__monthly_charges_sp_0', 'num__spl__monthly_charges_sp_1', 'num__spl__monthly_charges_sp_2', 'num__spl__monthly_charges_sp_5', 'num__spl__total_charges_sp_1', 'num__spl__total_charges_sp_2', 'num__spl__total_charges_sp_3', 'num__spl__total_charges_sp_5', 'num__q__total_charges', 'num__rb__monthly_charges', 'num__pol__total_charges', 'num__pol__monthly_charges^2', 'num__pol__monthly_charges total_charges', 'num__pol__monthly_charges^3', 'num__pol__monthly_charges^2 total_charges', 'num__pol__monthly_charges total_charges^2', 'cat__type_Two year', 'cat__payment_method_Credit card (automatic)', 'cat__payment_method_Electronic check', 'cat__payment_method_Mailed check', 'cat__internet_service_Fiber optic', 'cat__internet_service_None', 'cat__gender_Male', 'type_One year', 'type_Two year', 'paperless_billing_Yes', 'payment_method_Credit card (automatic)', 'internet_service_DSL', 'internet_service_Fiber optic', 'online_security_No', 'online_backup_No', 'online_backup_Yes', 'device_protection_Yes', 'tech_support_No', 'tech_support_Yes', 'streaming_movies_No', 'gender_Female', 'gender_Male', 'partner_No', 'partner_Yes', 'dependents_Yes', 'multiple_lines_No', 'multiple_lines_Yes')",0.023541693698191868,0.014686193328712497,0.008479077671703045
45,"(0, 1, 2, 3, 4, 5, 8, 10, 11, 12, 14, 16, 17, 21, 22, 23, 25, 26, 27, 32, 33, 34, 35, 36, 37, 38, 40, 41, 43, 45, 48, 49, 50, 53, 55, 56, 57, 60, 62, 63, 64, 65, 67, 68, 69)",[0.73303722 0.76655438 0.73685362 0.74477556],0.7453051939194615,"('monthly_charges', 'total_charges', 'senior_citizen', 'num__spl__monthly_charges_sp_0', 'num__spl__monthly_charges_sp_1', 'num__spl__monthly_charges_sp_2', 'num__spl__monthly_charges_sp_5', 'num__spl__total_charges_sp_1', 'num__spl__total_charges_sp_2', 'num__spl__total_charges_sp_3', 'num__spl__total_charges_sp_5', 'num__q__total_charges', 'num__rb__monthly_charges', 'num__pol__total_charges', 'num__pol__monthly_charges^2', 'num__pol__monthly_charges total_charges', 'num__pol__monthly_charges^3', 'num__pol__monthly_charges^2 total_charges', 'num__pol__monthly_charges total_charges^2', 'cat__type_Two year', 'cat__payment_method_Credit card (automatic)', 'cat__payment_method_Electronic check', 'cat__payment_method_Mailed check', 'cat__internet_service_Fiber optic', 'cat__internet_service_None', 'cat__gender_Male', 'type_One year', 'type_Two year', 'paperless_billing_Yes', 'payment_method_Credit card (automatic)', 'internet_service_DSL', 'internet_service_Fiber optic', 'online_security_No', 'online_backup_Yes', 'device_protection_Yes', 'tech_support_No', 'tech_support_Yes', 'streaming_movies_No', 'gender_Female', 'gender_Male', 'partner_No', 'partner_Yes', 'dependents_Yes', 'multiple_lines_No', 'multiple_lines_Yes')",0.020803903947534765,0.012978257184143338,0.007493000278877351
44,"(0, 1, 2, 3, 5, 8, 10, 11, 12, 14, 16, 17, 21, 22, 23, 25, 26, 27, 32, 33, 34, 35, 36, 37, 38, 40, 41, 43, 45, 48, 49, 50, 53, 55, 56, 57, 60, 62, 63, 64, 65, 67, 68, 69)",[0.74077595 0.75336862 0.74849763 0.74351664],0.7465397115725773,"('monthly_charges', 'total_charges', 'senior_citizen', 'num__spl__monthly_charges_sp_0', 'num__spl__monthly_charges_sp_2', 'num__spl__monthly_charges_sp_5', 'num__spl__total_charges_sp_1', 'num__spl__total_charges_sp_2', 'num__spl__total_charges_sp_3', 'num__spl__total_charges_sp_5', 'num__q__total_charges', 'num__rb__monthly_charges', 'num__pol__total_charges', 'num__pol__monthly_charges^2', 'num__pol__monthly_charges total_charges', 'num__pol__monthly_charges^3', 'num__pol__monthly_charges^2 total_charges', 'num__pol__monthly_charges total_charges^2', 'cat__type_Two year', 'cat__payment_method_Credit card (automatic)', 'cat__payment_method_Electronic check', 'cat__payment_method_Mailed check', 'cat__internet_service_Fiber optic', 'cat__internet_service_None', 'cat__gender_Male', 'type_One year', 'type_Two year', 'paperless_billing_Yes', 'payment_method_Credit card (automatic)', 'internet_service_DSL', 'internet_service_Fiber optic', 'online_security_No', 'online_backup_Yes', 'device_protection_Yes', 'tech_support_No', 'tech_support_Yes', 'streaming_movies_No', 'gender_Female', 'gender_Male', 'partner_No', 'partner_Yes', 'dependents_Yes', 'multiple_lines_No', 'multiple_lines_Yes')",0.007722118701563288,0.004817347877019366,0.0027812970935772027
43,"(0, 1, 2, 3, 5, 8, 10, 11, 12, 14, 16, 17, 21, 22, 23, 25, 26, 27, 32, 33, 34, 35, 36, 37, 38, 40, 41, 43, 45, 48, 49, 50, 53, 55, 56, 57, 60, 62, 63, 64, 65, 67, 69)",[0.72872955 0.76919205 0.73508176 0.75919388],0.7480493080564639,"('monthly_charges', 'total_charges', 'senior_citizen', 'num__spl__monthly_charges_sp_0', 'num__spl__monthly_charges_sp_2', 'num__spl__monthly_charges_sp_5', 'num__spl__total_charges_sp_1', 'num__spl__total_charges_sp_2', 'num__spl__total_charges_sp_3', 'num__spl__total_charges_sp_5', 'num__q__total_charges', 'num__rb__monthly_charges', 'num__pol__total_charges', 'num__pol__monthly_charges^2', 'num__pol__monthly_charges total_charges', 'num__pol__monthly_charges^3', 'num__pol__monthly_charges^2 total_charges', 'num__pol__monthly_charges total_charges^2', 'cat__type_Two year', 'cat__payment_method_Credit card (automatic)', 'cat__payment_method_Electronic check', 'cat__payment_method_Mailed check', 'cat__internet_service_Fiber optic', 'cat__internet_service_None', 'cat__gender_Male', 'type_One year', 'type_Two year', 'paperless_billing_Yes', 'payment_method_Credit card (automatic)', 'internet_service_DSL', 'internet_service_Fiber optic', 'online_security_No', 'online_backup_Yes', 'device_protection_Yes', 'tech_support_No', 'tech_support_Yes', 'streaming_movies_No', 'gender_Female', 'gender_Male', 'partner_No', 'partner_Yes', 'dependents_Yes', 'multiple_lines_Yes')",0.02673457923821206,0.016678035331175924,0.009629068188008507
42,"(0, 1, 2, 3, 5, 8, 10, 11, 12, 14, 16, 17, 21, 22, 23, 25, 26, 27, 32, 33, 34, 35, 36, 37, 38, 40, 41, 43, 45, 48, 49, 50, 53, 56, 57, 60, 62, 63, 64, 65, 67, 69)",[0.73709388 0.75450017 0.75108316 0.75800786],0.7501712689437311,"('monthly_charges', 'total_charges', 'senior_citizen', 'num__spl__monthly_charges_sp_0', 'num__spl__monthly_charges_sp_2', 'num__spl__monthly_charges_sp_5', 'num__spl__total_charges_sp_1', 'num__spl__total_charges_sp_2', 'num__spl__total_charges_sp_3', 'num__spl__total_charges_sp_5', 'num__q__total_charges', 'num__rb__monthly_charges', 'num__pol__total_charges', 'num__pol__monthly_charges^2', 'num__pol__monthly_charges total_charges', 'num__pol__monthly_charges^3', 'num__pol__monthly_charges^2 total_charges', 'num__pol__monthly_charges total_charges^2', 'cat__type_Two year', 'cat__payment_method_Credit card (automatic)', 'cat__payment_method_Electronic check', 'cat__payment_method_Mailed check', 'cat__internet_service_Fiber optic', 'cat__internet_service_None', 'cat__gender_Male', 'type_One year', 'type_Two year', 'paperless_billing_Yes', 'payment_method_Credit card (automatic)', 'internet_service_DSL', 'internet_service_Fiber optic', 'online_security_No', 'online_backup_Yes', 'tech_support_No', 'tech_support_Yes', 'streaming_movies_No', 'gender_Female', 'gender_Male', 'partner_No', 'partner_Yes', 'dependents_Yes', 'multiple_lines_Yes')",0.01272330172434693,0.007937273812956445,0.004582587172542171
41,"(0, 1, 2, 3, 5, 8, 10, 11, 14, 16, 17, 21, 22, 23, 25, 26, 27, 32, 33, 34, 35, 36, 37, 38, 40, 41, 43, 45, 48, 49, 50, 53, 56, 57, 60, 62, 63, 64, 65, 67, 69)",[0.73087948 0.77480556 0.73235823 0.74375358],0.7454492114091091,"('monthly_charges', 'total_charges', 'senior_citizen', 'num__spl__monthly_charges_sp_0', 'num__spl__monthly_charges_sp_2', 'num__spl__monthly_charges_sp_5', 'num__spl__total_charges_sp_1', 'num__spl__total_charges_sp_2', 'num__spl__total_charges_sp_5', 'num__q__total_charges', 'num__rb__monthly_charges', 'num__pol__total_charges', 'num__pol__monthly_charges^2', 'num__pol__monthly_charges total_charges', 'num__pol__monthly_charges^3', 'num__pol__monthly_charges^2 total_charges', 'num__pol__monthly_charges total_charges^2', 'cat__type_Two year', 'cat__payment_method_Credit card (automatic)', 'cat__payment_method_Electronic check', 'cat__payment_method_Mailed check', 'cat__internet_service_Fiber optic', 'cat__internet_service_None', 'cat__gender_Male', 'type_One year', 'type_Two year', 'paperless_billing_Yes', 'payment_method_Credit card (automatic)', 'internet_service_DSL', 'internet_service_Fiber optic', 'online_security_No', 'online_backup_Yes', 'tech_support_No', 'tech_support_Yes', 'streaming_movies_No', 'gender_Female', 'gender_Male', 'partner_No', 'partner_Yes', 'dependents_Yes', 'multiple_lines_Yes')",0.02831793698937291,0.017665793405857253,0.010199350578320002
40,"(0, 1, 2, 3, 5, 8, 10, 11, 14, 17, 21, 22, 23, 25, 26, 27, 32, 33, 34, 35, 36, 37, 38, 40, 41, 43, 45, 48, 49, 50, 53, 56, 57, 60, 62, 63, 64, 65, 67, 69)",[0.74027261 0.76522774 0.75482607 0.72023252],0.7451397339413551,"('monthly_charges', 'total_charges', 'senior_citizen', 'num__spl__monthly_charges_sp_0', 'num__spl__monthly_charges_sp_2', 'num__spl__monthly_charges_sp_5', 'num__spl__total_charges_sp_1', 'num__spl__total_charges_sp_2', 'num__spl__total_charges_sp_5', 'num__rb__monthly_charges', 'num__pol__total_charges', 'num__pol__monthly_charges^2', 'num__pol__monthly_charges total_charges', 'num__pol__monthly_charges^3', 'num__pol__monthly_charges^2 total_charges', 'num__pol__monthly_charges total_charges^2', 'cat__type_Two year', 'cat__payment_method_Credit card (automatic)', 'cat__payment_method_Electronic check', 'cat__payment_method_Mailed check', 'cat__internet_service_Fiber optic', 'cat__internet_service_None', 'cat__gender_Male', 'type_One year', 'type_Two year', 'paperless_billing_Yes', 'payment_method_Credit card (automatic)', 'internet_service_DSL', 'internet_service_Fiber optic', 'online_security_No', 'online_backup_Yes', 'tech_support_No', 'tech_support_Yes', 'streaming_movies_No', 'gender_Female', 'gender_Male', 'partner_No', 'partner_Yes', 'dependents_Yes', 'multiple_lines_Yes')",0.027078186981425733,0.016892390755673958,0.009752826350044704
39,"(0, 2, 3, 5, 8, 10, 11, 14, 17, 21, 22, 23, 25, 26, 27, 32, 33, 34, 35, 36, 37, 38, 40, 41, 43, 45, 48, 49, 50, 53, 56, 57, 60, 62, 63, 64, 65, 67, 69)",[0.74944983 0.74130921 0.73858902 0.76695699],0.7490762635740715,"('monthly_charges', 'senior_citizen', 'num__spl__monthly_charges_sp_0', 'num__spl__monthly_charges_sp_2', 'num__spl__monthly_charges_sp_5', 'num__spl__total_charges_sp_1', 'num__spl__total_charges_sp_2', 'num__spl__total_charges_sp_5', 'num__rb__monthly_charges', 'num__pol__total_charges', 'num__pol__monthly_charges^2', 'num__pol__monthly_charges total_charges', 'num__pol__monthly_charges^3', 'num__pol__monthly_charges^2 total_charges', 'num__pol__monthly_charges total_charges^2', 'cat__type_Two year', 'cat__payment_method_Credit card (automatic)', 'cat__payment_method_Electronic check', 'cat__payment_method_Mailed check', 'cat__internet_service_Fiber optic', 'cat__internet_service_None', 'cat__gender_Male', 'type_One year', 'type_Two year', 'paperless_billing_Yes', 'payment_method_Credit card (automatic)', 'internet_service_DSL', 'internet_service_Fiber optic', 'online_security_No', 'online_backup_Yes', 'tech_support_No', 'tech_support_Yes', 'streaming_movies_No', 'gender_Female', 'gender_Male', 'partner_No', 'partner_Yes', 'dependents_Yes', 'multiple_lines_Yes')",0.0177448135317308,0.011069881608771755,0.00639119912672166
38,"(0, 2, 3, 5, 8, 10, 11, 14, 17, 21, 22, 23, 25, 26, 27, 33, 34, 35, 36, 37, 38, 40, 41, 43, 45, 48, 49, 50, 53, 56, 57, 60, 62, 63, 64, 65, 67, 69)",[0.74840933 0.74934058 0.74810837 0.74414805],0.7475015834318076,"('monthly_charges', 'senior_citizen', 'num__spl__monthly_charges_sp_0', 'num__spl__monthly_charges_sp_2', 'num__spl__monthly_charges_sp_5', 'num__spl__total_charges_sp_1', 'num__spl__total_charges_sp_2', 'num__spl__total_charges_sp_5', 'num__rb__monthly_charges', 'num__pol__total_charges', 'num__pol__monthly_charges^2', 'num__pol__monthly_charges total_charges', 'num__pol__monthly_charges^3', 'num__pol__monthly_charges^2 total_charges', 'num__pol__monthly_charges total_charges^2', 'cat__payment_method_Credit card (automatic)', 'cat__payment_method_Electronic check', 'cat__payment_method_Mailed check', 'cat__internet_service_Fiber optic', 'cat__internet_service_None', 'cat__gender_Male', 'type_One year', 'type_Two year', 'paperless_billing_Yes', 'payment_method_Credit card (automatic)', 'internet_service_DSL', 'internet_service_Fiber optic', 'online_security_No', 'online_backup_Yes', 'tech_support_No', 'tech_support_Yes', 'streaming_movies_No', 'gender_Female', 'gender_Male', 'partner_No', 'partner_Yes', 'dependents_Yes', 'multiple_lines_Yes')",0.003187908556317922,0.001988737172973143,0.0011481979421634593
37,"(0, 2, 3, 5, 8, 10, 11, 14, 17, 21, 22, 23, 25, 26, 27, 33, 34, 35, 36, 37, 38, 40, 41, 43, 45, 48, 49, 50, 53, 56, 57, 62, 63, 64, 65, 67, 69)",[0.7249018  0.76810603 0.7337981  0.74315602],0.7424904878814401,"('monthly_charges', 'senior_citizen', 'num__spl__monthly_charges_sp_0', 'num__spl__monthly_charges_sp_2', 'num__spl__monthly_charges_sp_5', 'num__spl__total_charges_sp_1', 'num__spl__total_charges_sp_2', 'num__spl__total_charges_sp_5', 'num__rb__monthly_charges', 'num__pol__total_charges', 'num__pol__monthly_charges^2', 'num__pol__monthly_charges total_charges', 'num__pol__monthly_charges^3', 'num__pol__monthly_charges^2 total_charges', 'num__pol__monthly_charges total_charges^2', 'cat__payment_method_Credit card (automatic)', 'cat__payment_method_Electronic check', 'cat__payment_method_Mailed check', 'cat__internet_service_Fiber optic', 'cat__internet_service_None', 'cat__gender_Male', 'type_One year', 'type_Two year', 'paperless_billing_Yes', 'payment_method_Credit card (automatic)', 'internet_service_DSL', 'internet_service_Fiber optic', 'online_security_No', 'online_backup_Yes', 'tech_support_No', 'tech_support_Yes', 'gender_Female', 'gender_Male', 'partner_No', 'partner_Yes', 'dependents_Yes', 'multiple_lines_Yes')",0.025866155894752045,0.016136280210379314,0.009316285723181729
36,"(0, 2, 3, 5, 8, 10, 11, 14, 17, 21, 22, 23, 25, 27, 33, 34, 35, 36, 37, 38, 40, 41, 43, 45, 48, 49, 50, 53, 56, 57, 62, 63, 64, 65, 67, 69)",[0.72424108 0.75049294 0.75297089 0.75375332],0.7453645578893497,"('monthly_charges', 'senior_citizen', 'num__spl__monthly_charges_sp_0', 'num__spl__monthly_charges_sp_2', 'num__spl__monthly_charges_sp_5', 'num__spl__total_charges_sp_1', 'num__spl__total_charges_sp_2', 'num__spl__total_charges_sp_5', 'num__rb__monthly_charges', 'num__pol__total_charges', 'num__pol__monthly_charges^2', 'num__pol__monthly_charges total_charges', 'num__pol__monthly_charges^3', 'num__pol__monthly_charges total_charges^2', 'cat__payment_method_Credit card (automatic)', 'cat__payment_method_Electronic check', 'cat__payment_method_Mailed check', 'cat__internet_service_Fiber optic', 'cat__internet_service_None', 'cat__gender_Male', 'type_One year', 'type_Two year', 'paperless_billing_Yes', 'payment_method_Credit card (automatic)', 'internet_service_DSL', 'internet_service_Fiber optic', 'online_security_No', 'online_backup_Yes', 'tech_support_No', 'tech_support_Yes', 'gender_Female', 'gender_Male', 'partner_No', 'partner_Yes', 'dependents_Yes', 'multiple_lines_Yes')",0.019644355235129113,0.012254887116434195,0.007075362375561759
35,"(0, 2, 3, 5, 8, 10, 11, 14, 17, 21, 22, 23, 25, 27, 33, 34, 35, 36, 37, 38, 40, 41, 43, 45, 48, 50, 53, 56, 57, 62, 63, 64, 65, 67, 69)",[0.74664178 0.73809536 0.72845128 0.75358538],0.7416934510603668,"('monthly_charges', 'senior_citizen', 'num__spl__monthly_charges_sp_0', 'num__spl__monthly_charges_sp_2', 'num__spl__monthly_charges_sp_5', 'num__spl__total_charges_sp_1', 'num__spl__total_charges_sp_2', 'num__spl__total_charges_sp_5', 'num__rb__monthly_charges', 'num__pol__total_charges', 'num__pol__monthly_charges^2', 'num__pol__monthly_charges total_charges', 'num__pol__monthly_charges^3', 'num__pol__monthly_charges total_charges^2', 'cat__payment_method_Credit card (automatic)', 'cat__payment_method_Electronic check', 'cat__payment_method_Mailed check', 'cat__internet_service_Fiber optic', 'cat__internet_service_None', 'cat__gender_Male', 'type_One year', 'type_Two year', 'paperless_billing_Yes', 'payment_method_Credit card (automatic)', 'internet_service_DSL', 'online_security_No', 'online_backup_Yes', 'tech_support_No', 'tech_support_Yes', 'gender_Female', 'gender_Male', 'partner_No', 'partner_Yes', 'dependents_Yes', 'multiple_lines_Yes')",0.015084325255555186,0.00941016902931155,0.005432963622192902
34,"(0, 2, 3, 5, 8, 10, 11, 14, 17, 21, 23, 25, 27, 33, 34, 35, 36, 37, 38, 40, 41, 43, 45, 48, 50, 53, 56, 57, 62, 63, 64, 65, 67, 69)",[0.72914445 0.75287048 0.74372364 0.74721007],0.7432371598678964,"('monthly_charges', 'senior_citizen', 'num__spl__monthly_charges_sp_0', 'num__spl__monthly_charges_sp_2', 'num__spl__monthly_charges_sp_5', 'num__spl__total_charges_sp_1', 'num__spl__total_charges_sp_2', 'num__spl__total_charges_sp_5', 'num__rb__monthly_charges', 'num__pol__total_charges', 'num__pol__monthly_charges total_charges', 'num__pol__monthly_charges^3', 'num__pol__monthly_charges total_charges^2', 'cat__payment_method_Credit card (automatic)', 'cat__payment_method_Electronic check', 'cat__payment_method_Mailed check', 'cat__internet_service_Fiber optic', 'cat__internet_service_None', 'cat__gender_Male', 'type_One year', 'type_Two year', 'paperless_billing_Yes', 'payment_method_Credit card (automatic)', 'internet_service_DSL', 'online_security_No', 'online_backup_Yes', 'tech_support_No', 'tech_support_Yes', 'gender_Female', 'gender_Male', 'partner_No', 'partner_Yes', 'dependents_Yes', 'multiple_lines_Yes')",0.014052994328220086,0.00876678603491438,0.00506150627718567
33,"(0, 2, 3, 5, 8, 10, 11, 14, 17, 21, 23, 25, 27, 33, 34, 35, 36, 37, 38, 40, 41, 43, 45, 48, 50, 53, 56, 57, 62, 63, 64, 65, 67)",[0.7383802  0.7634784  0.72259933 0.75705098],0.7453772277245339,"('monthly_charges', 'senior_citizen', 'num__spl__monthly_charges_sp_0', 'num__spl__monthly_charges_sp_2', 'num__spl__monthly_charges_sp_5', 'num__spl__total_charges_sp_1', 'num__spl__total_charges_sp_2', 'num__spl__total_charges_sp_5', 'num__rb__monthly_charges', 'num__pol__total_charges', 'num__pol__monthly_charges total_charges', 'num__pol__monthly_charges^3', 'num__pol__monthly_charges total_charges^2', 'cat__payment_method_Credit card (automatic)', 'cat__payment_method_Electronic check', 'cat__payment_method_Mailed check', 'cat__internet_service_Fiber optic', 'cat__internet_service_None', 'cat__gender_Male', 'type_One year', 'type_Two year', 'paperless_billing_Yes', 'payment_method_Credit card (automatic)', 'internet_service_DSL', 'online_security_No', 'online_backup_Yes', 'tech_support_No', 'tech_support_Yes', 'gender_Female', 'gender_Male', 'partner_No', 'partner_Yes', 'dependents_Yes')",0.02574419604100235,0.016060197069825706,0.009272359101502311
32,"(0, 2, 3, 5, 8, 10, 11, 14, 17, 21, 23, 25, 27, 33, 34, 35, 36, 37, 38, 40, 41, 43, 45, 48, 50, 53, 56, 57, 62, 63, 64, 65)",[0.74757563 0.7555914  0.73387361 0.73127636],0.7420792507682344,"('monthly_charges', 'senior_citizen', 'num__spl__monthly_charges_sp_0', 'num__spl__monthly_charges_sp_2', 'num__spl__monthly_charges_sp_5', 'num__spl__total_charges_sp_1', 'num__spl__total_charges_sp_2', 'num__spl__total_charges_sp_5', 'num__rb__monthly_charges', 'num__pol__total_charges', 'num__pol__monthly_charges total_charges', 'num__pol__monthly_charges^3', 'num__pol__monthly_charges total_charges^2', 'cat__payment_method_Credit card (automatic)', 'cat__payment_method_Electronic check', 'cat__payment_method_Mailed check', 'cat__internet_service_Fiber optic', 'cat__internet_service_None', 'cat__gender_Male', 'type_One year', 'type_Two year', 'paperless_billing_Yes', 'payment_method_Credit card (automatic)', 'internet_service_DSL', 'online_security_No', 'online_backup_Yes', 'tech_support_No', 'tech_support_Yes', 'gender_Female', 'gender_Male', 'partner_No', 'partner_Yes')",0.01596603018887708,0.009960209705044217,0.005750529754392401
31,"(0, 2, 3, 5, 8, 10, 11, 14, 17, 21, 23, 25, 27, 33, 34, 36, 37, 38, 40, 41, 43, 45, 48, 50, 53, 56, 57, 62, 63, 64, 65)",[0.74408085 0.75548995 0.71577488 0.75659793],0.7429858998636573,"('monthly_charges', 'senior_citizen', 'num__spl__monthly_charges_sp_0', 'num__spl__monthly_charges_sp_2', 'num__spl__monthly_charges_sp_5', 'num__spl__total_charges_sp_1', 'num__spl__total_charges_sp_2', 'num__spl__total_charges_sp_5', 'num__rb__monthly_charges', 'num__pol__total_charges', 'num__pol__monthly_charges total_charges', 'num__pol__monthly_charges^3', 'num__pol__monthly_charges total_charges^2', 'cat__payment_method_Credit card (automatic)', 'cat__payment_method_Electronic check', 'cat__internet_service_Fiber optic', 'cat__internet_service_None', 'cat__gender_Male', 'type_One year', 'type_Two year', 'paperless_billing_Yes', 'payment_method_Credit card (automatic)', 'internet_service_DSL', 'online_security_No', 'online_backup_Yes', 'tech_support_No', 'tech_support_Yes', 'gender_Female', 'gender_Male', 'partner_No', 'partner_Yes')",0.026379601873360237,0.01645658710937992,0.009501214997543021
30,"(0, 2, 3, 5, 8, 10, 11, 14, 17, 21, 23, 25, 27, 33, 34, 36, 37, 38, 40, 41, 43, 45, 48, 50, 53, 56, 62, 63, 64, 65)",[0.74753921 0.74913378 0.7310967  0.75543405],0.74580093669696,"('monthly_charges', 'senior_citizen', 'num__spl__monthly_charges_sp_0', 'num__spl__monthly_charges_sp_2', 'num__spl__monthly_charges_sp_5', 'num__spl__total_charges_sp_1', 'num__spl__total_charges_sp_2', 'num__spl__total_charges_sp_5', 'num__rb__monthly_charges', 'num__pol__total_charges', 'num__pol__monthly_charges total_charges', 'num__pol__monthly_charges^3', 'num__pol__monthly_charges total_charges^2', 'cat__payment_method_Credit card (automatic)', 'cat__payment_method_Electronic check', 'cat__internet_service_Fiber optic', 'cat__internet_service_None', 'cat__gender_Male', 'type_One year', 'type_Two year', 'paperless_billing_Yes', 'payment_method_Credit card (automatic)', 'internet_service_DSL', 'online_security_No', 'online_backup_Yes', 'tech_support_No', 'gender_Female', 'gender_Male', 'partner_No', 'partner_Yes')",0.01440768919194279,0.008988058021888413,0.00518925771842925
29,"(0, 2, 3, 5, 10, 11, 14, 17, 21, 23, 25, 27, 33, 34, 36, 37, 38, 40, 41, 43, 45, 48, 50, 53, 56, 62, 63, 64, 65)",[0.75380824 0.74659756 0.74497084 0.7450151 ],0.7475979338225995,"('monthly_charges', 'senior_citizen', 'num__spl__monthly_charges_sp_0', 'num__spl__monthly_charges_sp_2', 'num__spl__total_charges_sp_1', 'num__spl__total_charges_sp_2', 'num__spl__total_charges_sp_5', 'num__rb__monthly_charges', 'num__pol__total_charges', 'num__pol__monthly_charges total_charges', 'num__pol__monthly_charges^3', 'num__pol__monthly_charges total_charges^2', 'cat__payment_method_Credit card (automatic)', 'cat__payment_method_Electronic check', 'cat__internet_service_Fiber optic', 'cat__internet_service_None', 'cat__gender_Male', 'type_One year', 'type_Two year', 'paperless_billing_Yes', 'payment_method_Credit card (automatic)', 'internet_service_DSL', 'online_security_No', 'online_backup_Yes', 'tech_support_No', 'gender_Female', 'gender_Male', 'partner_No', 'partner_Yes')",0.005842710259873624,0.0036449022547067854,0.0021043852979248366
28,"(0, 2, 3, 5, 10, 11, 14, 17, 21, 23, 25, 27, 33, 34, 36, 37, 38, 40, 41, 43, 45, 48, 50, 53, 56, 62, 63, 65)",[0.73821502 0.74002159 0.75597042 0.74755116],0.7454395488037566,"('monthly_charges', 'senior_citizen', 'num__spl__monthly_charges_sp_0', 'num__spl__monthly_charges_sp_2', 'num__spl__total_charges_sp_1', 'num__spl__total_charges_sp_2', 'num__spl__total_charges_sp_5', 'num__rb__monthly_charges', 'num__pol__total_charges', 'num__pol__monthly_charges total_charges', 'num__pol__monthly_charges^3', 'num__pol__monthly_charges total_charges^2', 'cat__payment_method_Credit card (automatic)', 'cat__payment_method_Electronic check', 'cat__internet_service_Fiber optic', 'cat__internet_service_None', 'cat__gender_Male', 'type_One year', 'type_Two year', 'paperless_billing_Yes', 'payment_method_Credit card (automatic)', 'internet_service_DSL', 'online_security_No', 'online_backup_Yes', 'tech_support_No', 'gender_Female', 'gender_Male', 'partner_Yes')",0.011246781584699207,0.007016165055761565,0.0040507847836227856
27,"(0, 2, 5, 10, 11, 14, 17, 21, 23, 25, 27, 33, 34, 36, 37, 38, 40, 41, 43, 45, 48, 50, 53, 56, 62, 63, 65)",[0.74210259 0.74220794 0.73363146 0.75416341],0.7430263533699544,"('monthly_charges', 'senior_citizen', 'num__spl__monthly_charges_sp_2', 'num__spl__total_charges_sp_1', 'num__spl__total_charges_sp_2', 'num__spl__total_charges_sp_5', 'num__rb__monthly_charges', 'num__pol__total_charges', 'num__pol__monthly_charges total_charges', 'num__pol__monthly_charges^3', 'num__pol__monthly_charges total_charges^2', 'cat__payment_method_Credit card (automatic)', 'cat__payment_method_Electronic check', 'cat__internet_service_Fiber optic', 'cat__internet_service_None', 'cat__gender_Male', 'type_One year', 'type_Two year', 'paperless_billing_Yes', 'payment_method_Credit card (automatic)', 'internet_service_DSL', 'online_security_No', 'online_backup_Yes', 'tech_support_No', 'gender_Female', 'gender_Male', 'partner_Yes')",0.011719897087497797,0.007311312288156522,0.004221188117696587
26,"(0, 2, 5, 10, 11, 14, 17, 21, 23, 25, 27, 33, 34, 36, 38, 40, 41, 43, 45, 48, 50, 53, 56, 62, 63, 65)",[0.75836953 0.74695263 0.75203874 0.72531115],0.7456680146323784,"('monthly_charges', 'senior_citizen', 'num__spl__monthly_charges_sp_2', 'num__spl__total_charges_sp_1', 'num__spl__total_charges_sp_2', 'num__spl__total_charges_sp_5', 'num__rb__monthly_charges', 'num__pol__total_charges', 'num__pol__monthly_charges total_charges', 'num__pol__monthly_charges^3', 'num__pol__monthly_charges total_charges^2', 'cat__payment_method_Credit card (automatic)', 'cat__payment_method_Electronic check', 'cat__internet_service_Fiber optic', 'cat__gender_Male', 'type_One year', 'type_Two year', 'paperless_billing_Yes', 'payment_method_Credit card (automatic)', 'internet_service_DSL', 'online_security_No', 'online_backup_Yes', 'tech_support_No', 'gender_Female', 'gender_Male', 'partner_Yes')",0.019924209902626697,0.012429470976181196,0.007176158413982855
25,"(0, 2, 5, 10, 11, 14, 17, 21, 23, 25, 27, 33, 34, 36, 38, 40, 41, 45, 48, 50, 53, 56, 62, 63, 65)",[0.7446076  0.74393908 0.7476449  0.72876634],0.7412394793317354,"('monthly_charges', 'senior_citizen', 'num__spl__monthly_charges_sp_2', 'num__spl__total_charges_sp_1', 'num__spl__total_charges_sp_2', 'num__spl__total_charges_sp_5', 'num__rb__monthly_charges', 'num__pol__total_charges', 'num__pol__monthly_charges total_charges', 'num__pol__monthly_charges^3', 'num__pol__monthly_charges total_charges^2', 'cat__payment_method_Credit card (automatic)', 'cat__payment_method_Electronic check', 'cat__internet_service_Fiber optic', 'cat__gender_Male', 'type_One year', 'type_Two year', 'payment_method_Credit card (automatic)', 'internet_service_DSL', 'online_security_No', 'online_backup_Yes', 'tech_support_No', 'gender_Female', 'gender_Male', 'partner_Yes')",0.011758737336896828,0.007335542295518031,0.0042351773189692205
24,"(0, 2, 5, 11, 14, 17, 21, 23, 25, 27, 33, 34, 36, 38, 40, 41, 45, 48, 50, 53, 56, 62, 63, 65)",[0.73887184 0.75087792 0.71754804 0.75721241],0.7411275533699343,"('monthly_charges', 'senior_citizen', 'num__spl__monthly_charges_sp_2', 'num__spl__total_charges_sp_2', 'num__spl__total_charges_sp_5', 'num__rb__monthly_charges', 'num__pol__total_charges', 'num__pol__monthly_charges total_charges', 'num__pol__monthly_charges^3', 'num__pol__monthly_charges total_charges^2', 'cat__payment_method_Credit card (automatic)', 'cat__payment_method_Electronic check', 'cat__internet_service_Fiber optic', 'cat__gender_Male', 'type_One year', 'type_Two year', 'payment_method_Credit card (automatic)', 'internet_service_DSL', 'online_security_No', 'online_backup_Yes', 'tech_support_No', 'gender_Female', 'gender_Male', 'partner_Yes')",0.02424259812943845,0.015123443855977203,0.008731524381322629
23,"(0, 2, 5, 11, 14, 17, 21, 23, 25, 27, 33, 36, 38, 40, 41, 45, 48, 50, 53, 56, 62, 63, 65)",[0.74681346 0.74900502 0.7330326  0.74289304],0.742936030282203,"('monthly_charges', 'senior_citizen', 'num__spl__monthly_charges_sp_2', 'num__spl__total_charges_sp_2', 'num__spl__total_charges_sp_5', 'num__rb__monthly_charges', 'num__pol__total_charges', 'num__pol__monthly_charges total_charges', 'num__pol__monthly_charges^3', 'num__pol__monthly_charges total_charges^2', 'cat__payment_method_Credit card (automatic)', 'cat__internet_service_Fiber optic', 'cat__gender_Male', 'type_One year', 'type_Two year', 'payment_method_Credit card (automatic)', 'internet_service_DSL', 'online_security_No', 'online_backup_Yes', 'tech_support_No', 'gender_Female', 'gender_Male', 'partner_Yes')",0.009814479240847813,0.006122641021482535,0.003534908441904387
22,"(0, 2, 5, 11, 14, 17, 21, 23, 25, 27, 33, 36, 38, 40, 41, 45, 48, 53, 56, 62, 63, 65)",[0.74706709 0.74240954 0.72842004 0.73863849],0.7391337900638821,"('monthly_charges', 'senior_citizen', 'num__spl__monthly_charges_sp_2', 'num__spl__total_charges_sp_2', 'num__spl__total_charges_sp_5', 'num__rb__monthly_charges', 'num__pol__total_charges', 'num__pol__monthly_charges total_charges', 'num__pol__monthly_charges^3', 'num__pol__monthly_charges total_charges^2', 'cat__payment_method_Credit card (automatic)', 'cat__internet_service_Fiber optic', 'cat__gender_Male', 'type_One year', 'type_Two year', 'payment_method_Credit card (automatic)', 'internet_service_DSL', 'online_backup_Yes', 'tech_support_No', 'gender_Female', 'gender_Male', 'partner_Yes')",0.011009854304503004,0.0068683609136120675,0.003965450022365431
21,"(0, 2, 5, 11, 14, 17, 21, 23, 25, 33, 36, 38, 40, 41, 45, 48, 53, 56, 62, 63, 65)",[0.7315363  0.75192883 0.71408374 0.74357652],0.73528134790256,"('monthly_charges', 'senior_citizen', 'num__spl__monthly_charges_sp_2', 'num__spl__total_charges_sp_2', 'num__spl__total_charges_sp_5', 'num__rb__monthly_charges', 'num__pol__total_charges', 'num__pol__monthly_charges total_charges', 'num__pol__monthly_charges^3', 'cat__payment_method_Credit card (automatic)', 'cat__internet_service_Fiber optic', 'cat__gender_Male', 'type_One year', 'type_Two year', 'payment_method_Credit card (automatic)', 'internet_service_DSL', 'online_backup_Yes', 'tech_support_No', 'gender_Female', 'gender_Male', 'partner_Yes')",0.022801144399964588,0.014224210843397792,0.008212351959445708
20,"(0, 2, 5, 11, 14, 17, 21, 23, 25, 33, 36, 38, 40, 41, 45, 53, 56, 62, 63, 65)",[0.74507713 0.74064979 0.7405093  0.73934021],0.7413941057643735,"('monthly_charges', 'senior_citizen', 'num__spl__monthly_charges_sp_2', 'num__spl__total_charges_sp_2', 'num__spl__total_charges_sp_5', 'num__rb__monthly_charges', 'num__pol__total_charges', 'num__pol__monthly_charges total_charges', 'num__pol__monthly_charges^3', 'cat__payment_method_Credit card (automatic)', 'cat__internet_service_Fiber optic', 'cat__gender_Male', 'type_One year', 'type_Two year', 'payment_method_Credit card (automatic)', 'online_backup_Yes', 'tech_support_No', 'gender_Female', 'gender_Male', 'partner_Yes')",0.003504635248055367,0.002186323187252859,0.0012622742806959587
19,"(2, 5, 11, 14, 17, 21, 23, 25, 33, 36, 38, 40, 41, 45, 53, 56, 62, 63, 65)",[0.73580496 0.76715007 0.70825001 0.7441845 ],0.7388473849405047,"('senior_citizen', 'num__spl__monthly_charges_sp_2', 'num__spl__total_charges_sp_2', 'num__spl__total_charges_sp_5', 'num__rb__monthly_charges', 'num__pol__total_charges', 'num__pol__monthly_charges total_charges', 'num__pol__monthly_charges^3', 'cat__payment_method_Credit card (automatic)', 'cat__internet_service_Fiber optic', 'cat__gender_Male', 'type_One year', 'type_Two year', 'payment_method_Credit card (automatic)', 'online_backup_Yes', 'tech_support_No', 'gender_Female', 'gender_Male', 'partner_Yes')",0.03376723189646292,0.021065268377228538,0.012162038368144609
18,"(2, 5, 11, 14, 17, 21, 23, 25, 33, 36, 38, 40, 41, 45, 53, 56, 63, 65)",[0.73219572 0.75438441 0.72325027 0.74384601],0.7384191046654816,"('senior_citizen', 'num__spl__monthly_charges_sp_2', 'num__spl__total_charges_sp_2', 'num__spl__total_charges_sp_5', 'num__rb__monthly_charges', 'num__pol__total_charges', 'num__pol__monthly_charges total_charges', 'num__pol__monthly_charges^3', 'cat__payment_method_Credit card (automatic)', 'cat__internet_service_Fiber optic', 'cat__gender_Male', 'type_One year', 'type_Two year', 'payment_method_Credit card (automatic)', 'online_backup_Yes', 'tech_support_No', 'gender_Male', 'partner_Yes')",0.01885065149877277,0.011759744894838386,0.00678949188063627
17,"(2, 5, 11, 14, 17, 21, 23, 25, 33, 36, 38, 40, 41, 53, 56, 63, 65)",[0.71774835 0.74914419 0.73168385 0.7353903 ],0.7334916743213196,"('senior_citizen', 'num__spl__monthly_charges_sp_2', 'num__spl__total_charges_sp_2', 'num__spl__total_charges_sp_5', 'num__rb__monthly_charges', 'num__pol__total_charges', 'num__pol__monthly_charges total_charges', 'num__pol__monthly_charges^3', 'cat__payment_method_Credit card (automatic)', 'cat__internet_service_Fiber optic', 'cat__gender_Male', 'type_One year', 'type_Two year', 'online_backup_Yes', 'tech_support_No', 'gender_Male', 'partner_Yes')",0.017916970161570366,0.011177279384864545,0.0064532052616592
16,"(2, 5, 11, 14, 17, 21, 23, 25, 33, 36, 38, 40, 41, 56, 63, 65)",[0.74179565 0.74935749 0.71277405 0.74205593],0.7364957775736536,"('senior_citizen', 'num__spl__monthly_charges_sp_2', 'num__spl__total_charges_sp_2', 'num__spl__total_charges_sp_5', 'num__rb__monthly_charges', 'num__pol__total_charges', 'num__pol__monthly_charges total_charges', 'num__pol__monthly_charges^3', 'cat__payment_method_Credit card (automatic)', 'cat__internet_service_Fiber optic', 'cat__gender_Male', 'type_One year', 'type_Two year', 'tech_support_No', 'gender_Male', 'partner_Yes')",0.02248675008990205,0.014028079856467984,0.008099115681345357
15,"(2, 5, 11, 14, 17, 23, 25, 33, 36, 38, 40, 41, 56, 63, 65)",[0.74723357 0.76993861 0.72524085 0.71956595],0.7404947445024957,"('senior_citizen', 'num__spl__monthly_charges_sp_2', 'num__spl__total_charges_sp_2', 'num__spl__total_charges_sp_5', 'num__rb__monthly_charges', 'num__pol__monthly_charges total_charges', 'num__pol__monthly_charges^3', 'cat__payment_method_Credit card (automatic)', 'cat__internet_service_Fiber optic', 'cat__gender_Male', 'type_One year', 'type_Two year', 'tech_support_No', 'gender_Male', 'partner_Yes')",0.031889344814733274,0.019893771836438378,0.011485674524964693
14,"(2, 5, 11, 17, 23, 25, 33, 36, 38, 40, 41, 56, 63, 65)",[0.72955024 0.76056369 0.73384888 0.73756705],0.7403824648779362,"('senior_citizen', 'num__spl__monthly_charges_sp_2', 'num__spl__total_charges_sp_2', 'num__rb__monthly_charges', 'num__pol__monthly_charges total_charges', 'num__pol__monthly_charges^3', 'cat__payment_method_Credit card (automatic)', 'cat__internet_service_Fiber optic', 'cat__gender_Male', 'type_One year', 'type_Two year', 'tech_support_No', 'gender_Male', 'partner_Yes')",0.01922296922854666,0.011992010687999507,0.006923590598841386
13,"(2, 5, 11, 23, 25, 33, 36, 38, 40, 41, 56, 63, 65)",[0.73597274 0.74664828 0.73522236 0.73463521],0.7381196494176475,"('senior_citizen', 'num__spl__monthly_charges_sp_2', 'num__spl__total_charges_sp_2', 'num__pol__monthly_charges total_charges', 'num__pol__monthly_charges^3', 'cat__payment_method_Credit card (automatic)', 'cat__internet_service_Fiber optic', 'cat__gender_Male', 'type_One year', 'type_Two year', 'tech_support_No', 'gender_Male', 'partner_Yes')",0.00792959137886027,0.0049467771308475674,0.0028560231081159273
12,"(5, 11, 23, 25, 33, 36, 38, 40, 41, 56, 63, 65)",[0.73729548 0.74300003 0.73337109 0.73593579],0.7374005953914102,"('num__spl__monthly_charges_sp_2', 'num__spl__total_charges_sp_2', 'num__pol__monthly_charges total_charges', 'num__pol__monthly_charges^3', 'cat__payment_method_Credit card (automatic)', 'cat__internet_service_Fiber optic', 'cat__gender_Male', 'type_One year', 'type_Two year', 'tech_support_No', 'gender_Male', 'partner_Yes')",0.005653052655507949,0.0035265867129414662,0.002036075788037313
11,"(5, 11, 23, 25, 33, 36, 38, 40, 41, 56, 65)",[0.71421065 0.73849335 0.73761001 0.73902776],0.7323354420655419,"('num__spl__monthly_charges_sp_2', 'num__spl__total_charges_sp_2', 'num__pol__monthly_charges total_charges', 'num__pol__monthly_charges^3', 'cat__payment_method_Credit card (automatic)', 'cat__internet_service_Fiber optic', 'cat__gender_Male', 'type_One year', 'type_Two year', 'tech_support_No', 'partner_Yes')",0.016793784869171807,0.010476594185252139,0.0060486644730457905
10,"(11, 23, 25, 33, 36, 38, 40, 41, 56, 65)",[0.72435424 0.74828317 0.72580717 0.73958756],0.7345080353055798,"('num__spl__total_charges_sp_2', 'num__pol__monthly_charges total_charges', 'num__pol__monthly_charges^3', 'cat__payment_method_Credit card (automatic)', 'cat__internet_service_Fiber optic', 'cat__gender_Male', 'type_One year', 'type_Two year', 'tech_support_No', 'partner_Yes')",0.015916416841378293,0.009929259034187949,0.005732660376241936
